Гія,Гия,,
Інна,Инна,исправлено в оригинальной таблице и в админке,
Ліана,Лиана,правильно,
Ліліана,Лилиана,правильно,
Хачатур,Хачатур,правильно,
Таміла,Тамила,правильно,
Генадій,Геннадий,правильно,
Юрій-Богдан,Юрий-Богдан,правильно,
Єлєна,Елена,правильно,
Рейнхард,Рейнхард,правильно,
Аксана,Аксана,правильно,
Ніла,Нила,правильно,
Рауфа,Рауфа,правильно,
Кароліна,Каролина,правильно,
Олена Леонідівна,Елена Леонидовна,Исправлено в админке,
Романа,Романа,правильно,
Ласло,Ласло,правильно,
Антоніна,Антонина,правильно,
Тарівєрді,Тариверди,Исправлено в админке,
Надія,Надежда,правильно,
Віринея,Виринея,Исправлено,
Майя,Майя,правильно,
Мустафа-Масі,Мустафа-Маси,Исправлено,
"Миколайович,",Николаевич,Исправлено,
Алеся,Алеся,Правильно,
Екатерина,Екатерина,Правильно,
Вячеслав,Вячеслав,Правильно,
Сільва,Сильва,Правильно,
Рза,Рза,,
Тігран,Тигран,Правильно,
Нінель,Нинель,Правильно,
В´ячеслав,Вячеслав,Правильно,
Євгенівна,Евгеньевна,Правильно,
Чаба,Чаба,Правильно,
Ійя,Ия,Правильно,
Дар’я,Дарья,Правильно,
Ігор,Игорь,Правильно,
Богдан Юрійович,Богдан Юриевич,Исправлено в админке,
Агія,Агия,Правильно,
Алина,Алина,Правильно,
Iван,Иван,Правильно,
Ірина,Ирина,Исправлено в оригинальной таблице и в админке,
Леонілла,Леонилла,Исправлено,
Лілія,Лилия,Правильно,
Андрій,Андрей,Исправлено в оригинальной таблице и в админке,
Афк,Афк,,
Айдин,Айдын,Правильно,
Орина,Орина,Исправлено,
В’ячеслав,Вячеслав,Правильно,
Віра,Вера,Правильно,
Зорян,Зорян,Правильно,
Завідувач,Заведующий,Правильно,
Даніїл,Даниил,Правильно,
Мар’ян,Марьян,Правильно,
Владислава,Владислава,Правильно,
Таісія,Таисия,Правильно,
Гізойович,Гизоевич,Исправлено,
Маратівна,Маратовна,Исправлено,
Віленівна,Виленовна,Исправлено,
Вячеславівна,Вячеславовна,Правильно,
Генріхович,Генрихович,Правильно,
Ігоревич,Игоревич,Правильно,
Маркіянівна,Маркияновна,Правильно,
Жоржович,Жоржевич,Правильно,
Теофілович,Теофилович,Правильно,
Начальника,Начальника,Правильно,
Ласлович,Ласлович,Правильно,
Андріїна,Андреевна,Правильно,
Антонійович,Антониевич,Исправлено,
Лоранович,Лоранович,Правильно,
Ремович,Ремович,Правильно,
Андрониківна,Андрониковна,Исправлено,
Мар'янович,Марьянович,Правильно,
Іннокентійович,Иннокентиевич,Исправлено,
Йосифович,Йосифович,Правильно,
Нуріївна,Нуреевна,Исправлено,
Мірчович,Мирчович,Правильно,
Сильвесторович,Сильвесторович,Правильно,
Калістратович,Калистратович,Правильно,
Жоржівна,Жоржевна,Исправлено,
Хайріївна,Хайреевна,Исправлено,
Дем’янівна,Демьяновна,Правильно,
Нарцизович,Нарцизович,Правильно,
Мезенович,Мезенович,Правильно,
Власівна,Власовна,Правильно,
Євгеніївна,Евгеньевна,Правильно,
Євменівна,Евменовна,Исправлено,
"В""ячеславівна",Вячеславовна,Исправлено,
Ашотович,Ашотович,Правильно,
Вацлавівна,Вацлавовна,Правильно,
Маріянович,Мариянович,Исправлено,
Олімпівна,Олимповна,Исправлено,
Олегі,Олеги,Исправлено,
Августович,Августович,Правильно,
Вікторович,Викторович,Исправлено в оригинальной таблице и в админке,
Юрїївна,Юрьевна,Испралено,
Ориславович,Ориславович,Правильно,
Аврамович,Аврамович,Исправлено,
В’ячеславівна,Вячеславовна,Правильно,
Іванович,Иванович,Исправлено в оригинальной таблице и в админке,
Євсевійович,Евсевиевич,Исправлено в оригинальной таблице и в админке,
Людвікович,Людвикович,Исправлено,
Васильович,Васильевич,Исправлено в оригинальной таблице и в админке,
Йосифатович,Йосифатович,Правильно,
Цезарівна,Цезаровна,Исправлено,
Валеріївна,Валериевна,Исправлено в оригинальной таблице и в админке,
Ізмаїлович,Измаилович,Исправлено,
Хажмуридович,Хажмуридович,Правильно,
Аронович,Аронович,Правильно,
Євгенович,Евгеньевич,Правильно,
Вікторович,Викторович,Исправлено в оригинальной таблице и в админке,
Риносійович,Риносиевич,Правильно,
Сафронович,Сафронович,Правильно,
Миколаївна,Николаевна,Исправлено в оригинальной таблице и в админке,
В'ячеславович,Вячеславович,Правильно,
Iванович,Иванович,Правильно,
Марксович,Марксович,Правильно,
Яремович,Яремович,Исправлено,
Любимович,Любимович,Правильно,
Кризостанівна,Кризостановна,Исправлено,
Івнович,Иванович,Правильно,
Мар’янович,Марьянович,Правильно,
Андронович,Андронович,Правильно,
Йозифович,Йозифович,Правильно,
Вячеславович,Вячеславович,Правильно,
Анатоліївна,Анатолиевна,Исправлено в оригинальной таблице и в админке,
Францович,Францевич,Правильно,
Сергіївна,Сергеевна,Исправлено в оригинальной таблице и в админке,
Алайошович,Алаешевич,Исправлено,
Дементійович,Дементьевич,Правильно,
Дейнешович,Дейнешович,Правильно,
Джалалівна,Джалаловна,Исправлено,
Васильович,Васильевич,Исправлено в оригинальной таблице и в админке,
Самуїлівна,Самуиловна,Исправлено,
Габорович,Габорович,Правильно,
Євсейович,Евсеевич,Исправлено,
Рафкатович,Рафкатович,Правильно,
Якович,Яковлевич,Исправлено в оригинальной таблице и в админке,
Новомирович,Новомирович,Правильно,
Мусійович,Мусиевич,Исправлено,
В’ячеславович,Вячеславович,Правильно,
Акімович,Акимович,Правильно,
Ернестович,Эрнестович,Правильно,
Шимонович,Шимонович,Правильно,
Муллахметівна,Муллахметовна,Исправлено,
Віталіївна,Витальевна,Исправлено в оригинальной таблице и в админке,
Абудурашитович,Абудурашитович,Правильно,
Діодорович,Диодорович,Исправлено,
Мелентійович,Мелентиевич,Правильно,
Арутюнович,Арутюнович,Правильно,
Сулейманович,Сулейманович,Правильно,
Сафронівна,Сафроновна,Исправлено,
Суду,Суд,,
Самуілівна,Самуиловна,Исправлено,
Огли,Оглы,Правильно,
Єгорович,Егорович,Правильно,
Петрович,Петрович,Исправлено в оригинальной таблице и в адмминке,
Металович,Металович,Правильно,
Важайович,Важаевич,Исправлено,
Євгенійович,Евгеньевич,Правильно,
Авчиханович,Авчиханович,Правильно,
Олодарович,Олодарович,Правильно,
Яковлевич,Яковлевич,Правильно,
Людвигович,Людвигович,Правильно,
Знаменівна,Знаменовна,Исправлено,
Климентійович,Климентьевич,Правильно,
Хазреталійович,Хазреталиевич,Исправлено,
Володимировича,Владимировича,Правильно,
Стахович,Стахович,Правильно,
Методійович,Методиевич,Правильно,
Власович,Власович,Правильно,
Нестерович,Нестерович,Правильно,
Жанович,Жанович,Правильно,
Сектору,Сектора,Исправлено в оригинальной таблице и в адмминке,
Cергійович,Сергеевич,Правильно,
Іванович,Иванович,Исправлено в оригинальной таблице и в адмминке,
Альбінович,Альбинович,Правильно,
Миколаївна,Николаевна,Исправлено в оригинальной таблице и в адмминке,
Юрійович,Юрьевич,Правильно,
Євгенівна,Евгеньевна,Правильно,
Леонович,Леонович,Правильно,
Афанасіївна,Афанасиевна,Исправлено в оригинальной таблице и в адмминке,
Львівна,Львовна,Правильно,
Леонидівна,Леонидовна,Правильно,
Тодосьович,Тодосьевич,Исправлено,
Аббасівна,Аббасовна,Исправлено,
Францівна,Францевна,Правильно,
Савватійович,Савватиевич,Правильно,
Євгеніївна,Евгениевна,Исправлено в оригинальной таблице и в адмминке,
Валер'янівна,Валерьяновна,Правильно,
Ізраілевич,Израилевич,Правильно,
Шамілевич,Шамилевич,Исправлено,
Бабиківна,Бабиковна,Исправлено,
Євстафійович,Евстафьевич,Правильно,
Лазаревич,Лазаревич,Правильно,
Енн,Энн,Правильно,
Єгорівна,Егоровна,Правильно,
Мостова,Мостовая,Правильно,
Голота,Голота,Исправлено,
Яковлев Юрій,Яковлев Юрий,Правильно,
Буряченко,Буряченко,Правильно,
Точицький,Точицкий,Правильно,
Батенко,Батенко,Правильно,
Околот,Околот,Правильно,
Фліссак,Флиссак,Правильно,
Ступіна,Ступина,Правильно,
Піщенко,Пищенко,Правильно,
Дрибас,Дрибас,Правильно,
Першогуба,Першогуба,Правильно,
Круподер,Круподер,Правильно,
Мітницький,Митницкий,Правильно,
Кулеша,Кулеша,Правильно,
Євстафіїв,Евстафиев,Исправлено,
Праведний,Праведный,Правильно,
Хопта,Хопта,Правильно,
Швидченко,Швыдченко,Правильно,
Прозорова,Прозорова,Правильно,
Дробінов,Дробинов,Исправлено,
Шапран,Шапран,Правильно,
Новіцька,Новицкая,Правильно,
Хімчак,Химчак,Правильно,
Хилюк,Хилюк,Правильно,
Курілайтене,Курилайтэнэ,Исправлено,
Бешта,Бешта,Правильно,
Войціцька,Войцицкая,Исправлено,
Коробенко,Коробенко,правильно,
Григорченко,Григорченко,правильно,
Панова,Панова,правильно,
Побер,Побер,правильно,
Соколенко,Соколенко,правильно,
Дикунська,Дикунская,Исправлено,
Парінова,Паринова,правильно,
Яковлева,Яковлева,правильно,
Бахметова,Бахметова,правильно,
Железняк,Железняк,правильно,
Колбаса,Колбаса,правильно,
Трут,Трут,правильно,
Демянчук,Демянчук,правильно,
Соломко,Соломко,правильно,
Довгий,Довгый,Исправлено,
Боголюбська,Боголюбская,правильно,
Григор,Григор,правильно,
Кремінь,Кремень,правильно,
Собків,Собкив,правильно,
Городовенко,Городовенко,правильно,
Когут,Когут,Исправлено,
Мазник,Мазник,правильно,
Кубів,Кубив,Исправлено,
Новіков,Новиков,правильно,
Іонова,Ионова,правильно,
Івонін,Ивонин,правильно,
Квятковський,Квятковский,правильно,
Лабоженко,Лабоженко,правильно,
Шевель,Шевель,правильно,
Тіменко,Тименко,Исправлено,
Яцко,Яцко,правильно,
Шахова,Шаховая,правильно,
Бєлькова,Белькова,правильно,
Семенюк Геннадій,Семенюк Геннадий,правильно,
Кіселик,Киселик,Исправлено,
Євпак,Евпак,правильно,
Бубличенко,Бубличенко,правильно,
Сотник,Сотник,правильно,
Шпонька,Шпонька,правильно,
Горбов,Горбов,правильно,
Скопич,Скопич,Исправлено,
Радняна,Радняна,правильно,
Міщій,Мищий,правильно,
Лазоренко,Лазоренко,правильно,
Касьян,Касьян,правильно,
Гвоздь,Гвоздь,правильно,
Філюк,Филюк,правильно,
Кунда,Кунда,правильно,
Ушанов,Ушанов,правильно,
Корольченко,Корольченко,правильно,
Реус,Реус,правильно,
Сергіенко,Сергиенко,правильно,
Цілюрик,Цилюрик,правильно,
Балаченко,Балаченко,правильно,
Повєткін,Поветкин,правильно,
Славська,Славская,правильно,
Лисий,Лысый,правильно,
Чумак,Чумак,правильно,
Борзаниця,Борзаница,Исправлено,
Бичков,Бычков,правильно,
Мацький,Мацкий,Исправлено,
Гуль,Гуль,Исправлено,
Береза,Береза,правильно,
Котвіцький,Котвицкий,правильно,
Мілінчук,Милинчук,правильно,
Гайсюк,Гайсюк,правильно,
Запорощенко,Запорощенко,правильно,
Пушилін,Пушилин,Исправлено,
Оніпко,Онипко,правильно,
Молоток,Молоток,правильно,
Дуднік,Дудник,правильно,
Пристайко,Пристайко,правильно,
Шеметенко Людмила,Шеметенко Людмила,правильно,
Меткий,Меткий,Исправлено,
Клок,Клок,правильно,
Рупак,Рупак,правильно,
Авакян,Авакян,правильно,
Башинський,Башинский,правильно,
Кравчук,Кравчук,правильно,
Збітнєв,Збитнев,правильно,
Прохоренко,Прохоренко,правильно,
Гадай,Гадай,Исправлено,
Калнаус,Калнаус,правильно,
Борко,Борко,правильно,
Бегунц,Бегунц,правильно,
Мусевич,Мусевич,правильно,
Вербова,Вербовая,Исправлено,
Кобеля,Кобеля,правильно,
Томчишен,Томчишен,правильно,
Поливач,Поливач,правильно,
Пацкан,Пацкан,правильно,
Скібіцький,Скибицкий,правильно,
Дегтярев,Дегтярев,правильно,
Онушко,Онушко,правильно,
Осіян,Осиян,Исправлено,
Боєва,Боева,правильно,
Паленик,Паленик,правильно,
Смачило,Смачило,правильно,
Франовська,Франовская,правильно,
Лазоришинець,Лазоришинец,правильно,
Цьомка,Цемка,правильно,
Оверіна,Оверина,Исправлено,
Приймак,Приймак,Исправлено,
Смілуха,Смилуха,Исправлено,
Моховик,Моховик,правильно,
Щавурська,Щавурская,Исправлено,
Добродняк,Добродняк,правильно,
Страшний,Страшный,правильно,
Лутковська,Лутковская,правильно,
Черленяк,Черленяк,правильно,
Піхоцький,Пихоцкий,Исправлено в оригинальной таблице и в адмминке,
Фащевська,Фащевская,правильно,
Убоженко,Убоженко,правильно,
Айсін,Айсин,правильно,
Ревенко,Ревенко,правильно,
Харечко,Харечко,правильно,
Купрієнко,Куприенко,правильно,
Жарук,Жарук,правильно,
Попович,Попович,правильно,
Танасогло Тетяна,Танасогло Татьяна,правильно,
Могиляк,Могиляк,правильно,
Крукевич,Крукевич,правильно,
Дехтяренко,Дехтяренко,правильно,
Дем’яненко,Демьяненко,правильно,
Бараннік,Баранник,правильно,
Суровицька,Суровицкая,правильно,
Дробот,Дробот,правильно,
Ярова,Яровая,правильно,
Деревінський,Деревинский,правильно,
Резніченко,Резниченко,правильно,
Габрієль,Габриель,правильно,
Жовква,Жовква,правильно,
Заїкін,Заикин,правильно,
Чернушенко,Чернушенко,правильно,
Устіменко,Устименко,правильно,
Калініч,Калинич,правильно,
Корнейко,Корнейко,правильно,
Бараненко,Бараненко,правильно,
Сакалов,Сакалов,правильно,
Гурзель,Гурзель,правильно,
Романченко,Романченко,правильно,
Бобов,Бобов,правильно,
Садовий,Садовой,Исправлено в оригинальной таблице и в адмминке,
Шпур,Шпур,правильно,
Бойко Андрій,Бойко Андрей,правильно,
Балицький,Балицкий,правильно,
Кострицький,Кострицкий,правильно,
Кіфряк,Кифряк,Исправлено,
Рябуха,Рябуха,правильно,
Сенін,Сенин,правильно,
Пашнєв,Пашнев,Исправлено,
Вотьканич,Вотьканич,правильно,
Чернусь,Чернусь,правильно,
Ситников,Ситников,правильно,
Старова,Старова,правильно,
Литвин,Литвин,правильно,
Гайдук,Гайдук,правильно,
Левкулич,Левкулич,правильно,
Білей,Билей,Исправлено,
Моршинін,Моршинин,Исправлено,
Слободанюк,Слободанюк,правильно,
Жарінова,Жаринова,правильно,
Бовкуненко,Бовкуненко,правильно,
Волік,Волик,правильно,
Липчей,Липчей,правильно,
Гладкий,Гладкий,правильно,
Пікуль,Пикуль,правильно,
Масоріна,Масорина,правильно,
Джердж,Джердж,правильно,
Саліхов,Салихов,Исправлено,
Ар’єв,Арьев,Исправлено,
Македон,Македон,правильно,
Ничипоренко,Ничипоренко,правильно,
Матейченко,Матейченко,правильно,
Новікова,Новикова,правильно,
Чупина,Чупина,правильно,
Пеклушенко,Пеклушенко,правильно,
Кутиніна,Кутинина,правильно,
Зарудяна,Зарудяна,правильно,
Гуков,Гуков,правильно,
Малиш,Малыш,правильно,
Фелонюк,Фелонюк,правильно,
Ільяшенко,Ильяшенко,правильно,
Владимиренко,Владимиренко,правильно,
Кравець,Кравец,Исправлено,
Сеничак,Сеничак,правильно,
Талайчук,Талайчук,правильно,
Малий,Малый,правильно,
Сорочан,Сорочан,правильно,
Нікітюк,Никитюк,правильно,
Коробов,Коробов,правильно,
Деркач,Деркач,Исправлено,
Семиженко,Семиженко,правильно,
Блажівська,Блаживская,правильно,
Лашевич,Лашевич,правильно,
Лахненко,Лахненко,правильно,
Сапожников,Сапожников,правильно,
Бартош,Бартош,правильно,
Чуприна,Чуприна,Исправлено,
Лісова,Лисовая,Исправлено,
Зеленецький,Зеленецкий,правильно,
Мечкало,Мечкало,правильно,
Хіль,Хиль,правильно,
Кордюк,Кордюк,правильно,
Неліковська,Неликовская,Исправлено,
Негой,Негой,правильно,
Храпак,Храпак,правильно,
Поташник,Поташник,правильно,
Піддубний,Пиддубный,Исправлено в оригинальной таблице и в адмминке,
Кожем’якін,Кожемякин,правильно,
Пляцук,Пляцук,правильно,
Шрамков,Шрамков,правильно,
Баранник,Баранник,правильно,
Скуратовський,Скуратовский,правильно,
Луняченко,Луняченко,правильно,
Панько,Панько,правильно,
Шпинта,Шпинта,правильно,
Кавилін,Кавилин,Исправлено ,
Чуднов,Чуднов,правильно,
Бабін,Бабин,правильно,
Бабік,Бабиков,правильно,
Бабій,Бабник,правильно,
Шарпінський,Шарпинский,Исправлено,
Бас,Бас,правильно,
Бац,Бац,правильно,
Кузькін,Кузькин,правильно,
Чурсін,Чурсин,правильно,
Лєньков,Леньков,правильно,
Главаті,Главати,правильно,
Гарбуз,Гарбуз,Исправлено,
Дубовий,Дубовый,правильно,
Дикун,Дикун,Исправлено,
Одемчук,Одемчук,правильно,
Осійчук,Осийчук,правильно,
Павлій,Павлий,правильно,
Оксентюк,Оксентюк,правильно,
Безчастний,Безчастный,правильно,
Бонк,Бонк,правильно,
Вдовін,Вдовин,правильно,
Сажко,Сажко,правильно,
Могильний,Могильный,правильно,
Корево,Корево,правильно,
Чернецький,Чернецкий,правильно,
Топал,Топал,правильно,
Пуль,Пуль,правильно,
Луганський,Луганский,правильно,
Горєлов,Горелов,правильно,
Пошва,Пошва,правильно,
Возний,Возный,правильно,
Болібрух,Болибрух,правильно,
Ропій,Ропий,Исправлено,
Продіус,Продиус,правильно,
Ковбас,Ковбас,Исправлено,
Сергачов,Сергачов,правильно,
Фарятьєв,Фарятьев,Исправлено,
Гребельний,Гребельный,Исправлено,
Теплюк,Теплюк,правильно,
Сергейчук,Сергейчук,правильно,
Гаврищук,Гаврищук,правильно,
Голубятников,Голубятников,правильно,
Джума,Джума,правильно,
Циплинський,Циплинский,правильно,
Погорєлова Г,Погорелова Г,правильно,
Голубєй,Голубей,Исправлено,
Дзюба,Дзюба,правильно,
Кухар,Кухар,Исправлено,
Мараєва,Мараева,Исправлено,
Чупак,Чупак,правильно,
Паньков,Паньков,правильно,
Шемета,Шемета,правильно,
Горбань,Горбун,правильно,
Барицька,Барицкая,Исправлено,
Карась,Карась,правильно,
Швець,Швец,Исправлено,
Осіпова,Осипова,правильно,
Трофімова,Трофимова,правильно,
Лосєв,Лосев,правильно,
Прокопанич,Прокопанич,правильно,
Куліков,Куликов,правильно,
Вінник,Винник,правильно,
Райковський,Райковский,правильно,
Лібанов,Либанов,правильно,
Шулєжко,Шулежко,Исправлено,
Плаха,Плаха,правильно,
Мотуляк,Мотуляк,правильно,
Ястребова,Ястребова,правильно,
Свачій,Свачий,Исправлено,
Орел,Орел,правильно,
Машура,Машура,правильно,
Ковтун Віктор Панасович -,Ковтун Виктор Панасьевич -,Исправлено,
Авдеєв,Авдеев,правильно,
Готра,Готра,правильно,
Квіташвілі,Квиташвили,правильно,
Дунаєвська,Дунаевская,правильно,
Киця,Кица,Исправлено,
Нещадим,Нещадим,правильно,
Качан,Качан,Исправлено,
Очеретиний,Очеретный,Исправлено в оригинальной таблице и в адмминке,
Дем’яносов,Демьяносов,Исправлено,
Прат,Прат,Исправлено,
Кваша,Кваша,Исправлено,
Біланенко,Биланенко,правильно,
Пентек,Пентек,правильно,
Машкаринець,Машкаринец,правильно,
Лиска,Лиска,правильно,
Кузьмичов,Кузьмичев,правильно,
Чижмарь,Чижмарь,правильно,
Махек,Махек,правильно,
Бєлоусов,Белоусов,правильно,
Поярков,Поярков,правильно,
Сажинов,Сажинов,правильно,
Белюк,Белюк,правильно,
Вуйко,Вуйко,Исправлено,
Велько,Велько,правильно,
Задворний,Задворный,правильно,
Мандрик,Мандрык,Исправлено,
Василькевич,Василькевич,правильно,
Тичкова,Тычкова,Исправлено,
Дуковський,Дуковский,Исправлено,
Сисак,Сисак,правильно,
Святецький,Святецкий,Исправлено,
Корітко,Коритко,Исправлено,
Дармін,Дармин,Исправлено,
Черкаський,Черкаский,Исправлено,
Яворський,Яворский,правильно,
Патрюк,Патрюк,правильно,
Ососков,Ососков,правильно,
Розваляєва,Розваляева,правильно,
Бруновська (савицька),Бруновская (Савицкая),Исправлено,
Гвоздьов,Гвоздев,правильно,
Малетич,Малетич,правильно,
Заяць,Заяц,правильно,
Мосьондз,Мосендз,правильно,
Хамська,Хамская,правильно,
Матієк,Матиек,Исправлено,
Моторна,Моторная,Исправлено,
Робулець,Робулец,правильно,
Вільхова,Вильховая,Исправлено,
Пищида,Пищида,правильно,
Шамшур,Шамшур,правильно,
Алькова,Алькова,правильно,
Агрикова,Агрикова,правильно,
Стрижеус,Стрижеус,правильно,
Хачатрян,Хачатрян,правильно,
Cуярко,Суярко,правильно,
Михайлишин,Михайлишин,правильно,
Паламарюк,Паламарюк,правильно,
Зеркаль,Зеркаль,правильно,
Лімар,Лимар,Исправлено,
Острянський,Острянский,правильно,
Совсун,Совсун,правильно,
Зюбрицький,Зюбрицкий,Исправлено,
Скоцик,Скоцик,правильно,
Вадовська,Вадовская,Исправлено,
Росік,Росик,Исправлено,
Шилова,Шилова,правильно,
Кіпенко,Кипенко,Исправлено,
Коновець,Коновец,правильно,
Сіденко,Сиденко,правильно,
М'ялиця,Мялица,правильно,
Атрошенко,Атрошенко,правильно,
Петешенкова,Петешенкова,правильно,
Стан,Стан,правильно,
Харьков,Харьков,правильно,
Толкач,Толкач,правильно,
Кушнерик,Кушнерик,правильно,
Глуговський,Глуговский,правильно,
Коменчук,Коменчук,правильно,
Капацин,Капацин,правильно,
Татарінова,Татаринова,правильно,
Голяшкін,Голяшкин,Исправлено,
Башловка,Башловка,правильно,
Крегул,Крегул,правильно,
Прудніков,Прудников,правильно,
Коротенко,Коротенко,правильно,
Чигринець,Чигринец,правильно,
Рябенко,Рябенко,правильно,
Мушак,Мушак,правильно,
Бродченко,Бродченко,правильно,
Берадзе,Берадзе,правильно,
Куксов,Куксов,правильно,
Устенко,Устенко,правильно,
Головатий,Головатый,Исправлено,
Яловий,Яловый,Исправлено,
Танченко,Танченко,правильно,
Озарянська,Озарянская,Исправлено,
Медяний,Медяный,Исправлено,
Басараба,Басараба,правильно,
Заіка,Заика,правильно,
Вдовіченко,Вдовиченко,правильно,
Гетьман,Гетьман,Исправлено,
Сітайло,Ситайло,правильно,
Браніцький,Браницкий,Исправлено в оригинальной таблице и в адмминке,
Рутицька,Рутицкая,правильно,
Конюшко,Конюшко,правильно,
Іщейкін,Ищейкин,правильно,
Яцюк,Яцюк,правильно,
Фартушок,Фартушок,Исправлено,
Калитка,Калита,правильно,
Файдюк,Файдюк,правильно,
Шибко,Шибко,правильно,
Кленцарь,Кленцарь,правильно,
Шинкар,Шинкар,Исправлено,
Томилко,Томилко,правильно,
Якібчук,Якибчук,правильно,
Чередко,Чередко,правильно,
Вотяков,Вотяков,правильно,
Бялковський,Бялковский,правильно,
Патрашка,Патрашка,правильно,
Рокицький,Рокицкий,правильно,
Набоченко,Набоченко,правильно,
Підлісецький,Пидлисецкий,правильно,
Алєксєєв Віктор,Алексеев Виктор,правильно,
Кульбаба,Кульбаба,Исправлено,
Мігрін,Мигрин,правильно,
Кривенда,Кривенда,правильно,
Синиця,Синица,правильно,
Гриник,Гриник,правильно,
Умрихін,Умрихин,правильно,
Фінагеєв,Фінагеев,Исправлено,
Кривохижа,Кривохижа,правильно,
Семопядний,Семопядный,Исправлено,
Солтисюк,Солтисюк,правильно,
Сисоєва,Сысоева,правильно,
Ратнікова,Ратникова,правильно,
Заголдний,Заголдный,Исправлено,
Кандибка,Кандыбка,правильно,
Назарець,Назарец,правильно,
Тахтай,Тахтай,правильно,
Кабанченко,Кабанченко,правильно,
Фомінов,Фоминов,Исправлено,
Гапончук,Гапончук,правильно,
Матрунчик,Матрунчик,правильно,
Корсун,Корсун,правильно,
Бовтрук,Бовтрук,правильно,
Кокуленко,Кокуленко,правильно,
Олтаржевська,Олтаржевская,Исправлено,
Аліменко,Алименко,правильно,
Пейтер,Пейтер,правильно,
Курдзіль,Курдзиль,Исправлено,
Ладнич,Ладнич,правильно,
Древицький,Древицкий,Исправлено,
Білошкап,Билошкап,Исправлено,
Бужак,Бужак,правильно,
Воляновська,Воляновская,правильно,
Проник,Проник,правильно,
Кондес,Кондес,правильно,
Коннов,Коннов,правильно,
Стеблюк,Стеблюк,правильно,
Картере,Картере,правильно,
Сакварелідзе,Сакварелидзе,правильно,
Чепинога,Чепинога,правильно,
Солодков,Солодков,правильно,
Чухлєбов,Чухлебов,Исправлено,
Значок,Значок,правильно,
Лисична,Лисичная,Исправлено,
Лівандовська-Кочура,Ливандовская-Кочура,Исправлено,
Олуйко,Олуйко,правильно,
Хобор,Хобор,правильно,
Кожушок,Кожушок,Исправлено,
Копіца,Копица,правильно,
Парфененко,Парфененко,правильно,
Самсонкін,Самсонкин,Исправлено,
Белах,Белах,правильно,
Пікановський,Пикановский,Исправлено,
Бєлік,Белик,правильно,
Лукасевич,Лукасевич,правильно,
Фок,Фок,правильно,
Беляков,Беляков,правильно,
Шкоріна,Шкорина,Исправлено,
Береславець,Береславец,Исправлено,
Сарно,Сарно,правильно,
Чоха,Чоха,правильно,
Черпак,Черпак,правильно,
Лихоліт,Лихолит,правильно,
Могилєвкін,Могилевкин,Исправлено,
Орищин,Орищин,правильно,
Калачова,Калачева,правильно,
Мягченко,Мягченко,правильно,
Войт,Войт,правильно,
Калініченко,Калиниченко,правильно,
Лагодович,Лагодович,правильно,
Оседач,Оседач,правильно,
Новіцький,Новицкий,правильно,
Ніжнік,Нижник,правильно,
Чорна,Черная,правильно,
Лакомов,Лакомов,правильно,
Животенко,Животенко,правильно,
Волга,Волга,правильно,
Машкін,Машкин,правильно,
Фаренюк,Фаренюк,правильно,
Боймиструк,Боймыструк,Исправлено,
Диба,Дыба,правильно,
Колганова,Колганова,правильно,
Сельченкова,Сельченкова,правильно,
Фрунза,Фрунза,правильно,
Слюз,Слюз,правильно,
Чорнуцький,Чернуцкий,правильно,
Галасюк,Галасюк,правильно,
Бєшкарєв,Бешкарев,Исправлено,
Дьяченко,Дьяченко,правильно,
Дубневич,Дубневич,правильно,
Рунов,Рунов,правильно,
Сидорук,Сидорук,правильно,
Полторак,Полторак,правильно,
Щербей,Щербей,правильно,
Чеботар,Чеботарь,правильно,
Саїв,Саев,правильно,
Можар,Можар,правильно,
Байдацький,Байдацкий,правильно,
Голоборотько,Голоборотько,правильно,
Муженко,Муженко,правильно,
Придня,Придня,правильно,
Ковалевич,Ковалевич,правильно,
Алєксєєв,Алексеев,правильно,
Шебуєва,Шебуева,правильно,
Ізьо,Изьо,Исправлено,
Сакал,Сакал,правильно,
Лозовой,Лозовой,Исправлено,
Гірман,Гирман,правильно,
Силантьєв,Силантьев,правильно,
Радіонов,Радионов,правильно,
Маслей,Маслей,правильно,
Сугоняко,Сугоняко,правильно,
Єщенко Олександр,Ещенко Александр,правильно,
Холодякова,Холодякова,правильно,
Ярмус,Ярмус,правильно,
Романська,Романская,правильно,
Барчук,Барчук,правильно,
Сікиринський,Сикиринский,Исправлено,
Барилюк,Барилюк,правильно,
Філонова,Филонова,правильно,
Арестов,Арестов,правильно,
Дембовський,Дембовский,Исправлено в оригинальной таблице и в адмминке,
Касьяненко,Касьяненко,правильно,
Козачок,Козачок,Исправлено,
Єднак,Еднак,правильно,
Мацедонська,Мацедонская,Исправлено,
Андріанцева,Андрианцева,Исправлено,
Післєгіна,Пислегина,Исправлено,
Побірченко,Побирченко,правильно,
Чорнобривко,Чорнобривко,правильно,
Косіченко,Косиченко,Исправлено,
Катков,Катков,правильно,
Курліщук,Курлищук,Исправлено,
Гагін,Гагин,правильно,
Полещук,Полещук,правильно,
Туркевич,Туркевич,правильно,
Круш,Круш,правильно,
Процишен,Процишен,правильно,
Єленіна,Еленина,правильно,
Чаплига,Чаплыга,правильно,
Русинчук,Русинчук,правильно,
Крук,Крук,Исправлено,
Довбенко,Довбенко,правильно,
Шолох,Шолох,правильно,
Старунський,Старунский,правильно,
Заставний,Заставный,Исправлено,
Ходоровський,Ходоровский,правильно,
Ямненко,Ямненко,правильно,
Дроботя,Дроботя,правильно,
Одринська,Одринская,правильно,
Соколовий,Соколовый,Исправлено,
Копитова,Копытова,правильно,
Компанієць,Компаниец,правильно,
Шульмейстер,Шульмейстер,правильно,
Янушевич,Янушевич,правильно,
Гапіч,Гапич,Исправлено,
Мартиненков,Мартыненков,правильно,
Бичихін,Бычихин,правильно,
Гонтарева,Гонтарева,правильно,
Красовецький,Красовецкий,Исправлено,
Греба,Греба,Исправлено,
Бурда,Бурда,правильно,
Крот,Крот,правильно,
Гаращенко,Гаращенко,правильно,
Редька,Редька,правильно,
Ржепецький,Ржепецкий,правильно,
Франтовська,Франтовская,Исправлено,
Макарчук,Макарчук,правильно,
Мирошниченко,Мирошниченко,правильно,
Потильчак,Потыльчак,правильно,
Капштик,Капштык,правильно,
Леско,Леско,правильно,
Куришко,Куришко,правильно,
Висоцька,Высоцкая,правильно,
Обідіна,Обидина,Исправлено,
Омельянович,Омельянович,правильно,
Сенюк,Сенюк,правильно,
Пелипенко,Пелипенко,правильно,
Матюха,Матюха,правильно,
Кіктенко,Киктенко,правильно,
Річкаль,Ричкаль,правильно,
Сарнацький,Сарнацкий,правильно,
Колос,Колос,правильно,
Бандуров,Бандуров,правильно,
Шипуліна,Шипулина,правильно,
Шляхов,Шляхов,правильно,
Пампура,Пампура,правильно,
Потоп,Потоп,правильно,
Каплієнко,Каплиенко,правильно,
Нечитайло,Нечитайло,Исправлено в оригинальной таблице и в адмминке,
Калинич,Калинич,правильно,
Лівік,Ливик,правильно,
Яцук,Яцук,правильно,
Лук’янчук Ольга,Лукьянчук Ольга,Исправлено в админке,
Матківська,Маткивська,правильно,
Гулова,Гулова,правильно,
Чечуліна,Чечулина,правильно,
Вдовенко,Вдовенко,правильно,
Іванущак,Іванущак,правильно,
Серьогін,Серегин,правильно,
Кощеєв,Кощеев,правильно,
Іванкевич,Иванкевич,правильно,
Майданік,Майданик,правильно,
Журавель,Журавель,Исправлено,
Крусян Андрій,Крусян Андрей,Исправлено в админке,
Гордієнко,Гордиенко,Исправлено в оригинальной таблице и в адмминке,
Рищенко,Рыщенко,правильно,
Олініченко,Олиниченко,правильно,
Дендемарченко,Дендемарченко,правильно,
Качур,Качур,Исправлено,
Бурих,Бурых,правильно,
Желік,Желик,правильно,
Широян,Широян,правильно,
Андрейчук,Андрейчук,правильно,
Ломакович,Ломакович,правильно,
Симонець,Симонец,правильно,
Сисоєнко,Сысоенко,правильно,
Бітов Андрій,Битов Андрей,Исправлено в админке,
Майструк,Майструк,правильно,
Чорногор,Черногор,правильно,
Береговий,Береговой,правильно,
Акртюхов,Акртюхов,правильно,
Сідоченко,Сидоченко,Исправлено,
Захожай,Захожай,правильно,
Райнін,Райнин,Исправлено,
Фомічов,Фомичев,правильно,
Зазулинська,Зазулинская,Исправлено,
Бурий,Бурый,правильно,
Репніков,Репников,правильно,
Подковський,Подковский,Исправено,
Люшняк,Люшняк,правильно,
Мінаєва,Минаева,правильно,
Гураль,Гураль,правильно,
Бершов,Бершов,правильно,
Кащук,Кащук,правильно,
Мельник,Мельник,правильно,
Кошелюк,Кошелюк,правильно,
Куліч,Кулич,правильно,
Косьмін,Косьмин,правильно,
Оксененко,Оксененко,правильно,
Рахубовський,Рахубовский,Исправлено,
Стуковенкова,Стуковенкова,правильно,
Драч,Драч,правильно,
Шинькович,Шинькович,правильно,
Татьков,Татьков,правильно,
Шапка,Шапка,правильно,
Гультай,Гультай,правильно,
Завальна,Завальная,правильно,
Комлєва,Комлева,правильно,
Петріченко,Петриченко,правильно,
Трішкова,Трішкова,правильно,
Водолажська,Водолажская,Исправлено,
Коростійова,Коростиева,Исправлено,
Стадник,Стадник,правильно,
Дряниця,Дряница,Исправлено,
Шостак,Шостак,правильно,
Сініцина,Синицына,правильно,
Цвігун,Цвигун,правильно,
Толкаченко,Толкаченко,правильно,
Гладський,Гладский,Исправлено,
Лаченкова,Лаченкова,правильно,
Дронська,Дронская,Исправлено,
Григорьєв,Григорьев,правильно,
Баулін,Баулин,правильно,
Котляров,Котляров,правильно,
Заїка,Заика,правильно,
Григор’єва,Григорьева,правильно,
Вільдман,Вильдман,правильно,
Кадегроб,Кадегроб,правильно,
Каленков,Каленков,правильно,
Косьмін Олексій,Косьмин Алексей,Исправлено в админке,
Рядненко,Рядненко,правильно,
Лузан,Лузан,правильно,
Пазюк,Пазюк,правильно,
Балацька,Балацкая,правильно,
Ферафонтов,Ферафонтов,правильно,
Путас,Путас,правильно,
Лук’янчук,Лукьянчук,правильно,
Сизько,Сизько,правильно,
Доніч,Донич,правильно,
Латюк,Латюк,правильно,
Антипець,Антипец,правильно,
Красвітна,Красвитна,Исправлено ,
Димарецький,Димарецкий,Исправлено ,
Ратієв,Ратиев,Исправлено ,
Пономарь,Пономарь,правильно,
Кислиця,Кислица,правильно,
Косік,Косик,правильно,
Бухтіярова,Бухтиярова,правильно,
Барбашова,Барбашова,правильно,
Білак,Билак,правильно,
Макаровець,Макаровец,Исправлено ,
Черешня,Черешня,правильно,
Шевчук Ольга,Шевчук Ольга,правильно,
Орлянський,Орлянский,правильно,
Дурасова,Дурасова,правильно,
Чунарьов,Чунарев,правильно,
Хміль,Хмель,правильно,
Кукуріка,Кукурика,правильно,
Поврозник,Поврозник,правильно,
Лащенко,Лащенко,правильно,
Качмар,Качмар,правильно,
Стратієнко,Стратиенко,правильно,
Викалюк,Викалюк,правильно,
Фаріонова,Фарионова,Исправлено ,
Котелевський,Котелевский,правильно,
Нечепорук,Нечепорук,правильно,
Георгієнко,Георгиенко,правильно,
Ємець,Емец,правильно,
Котвицька,Котвицкая,правильно,
Клавдієва,Клавдиева,правильно,
Каньовський,Каневский,правильно,
Шлапак,Шлапак,правильно,
Вус,Вус,Исправлено ,
Салай,Салай,правильно,
Лапа,Лапа,правильно,
Коренюгіна,Коренюгина,правильно,
Шпильова,Шпилевая,правильно,
Гусинін,Гусинин,Исправлено ,
Бахтеєва,Бахтеева,правильно,
Коровайко,Коровайко,правильно,
Бартащук,Бартащук,правильно,
Кожу,Кожу,правильно,
Гацько,Гацко,правильно,
Погорельцев,Погорельцев,правильно,
Синютка,Синютка,правильно,
Крестьянінов,Крестьянинов,Исправлено ,
Лагнюк,Лагнюк,правильно,
Хомутиннік,Хомутынник,правильно,
Пастощук,Пастощук,правильно,
Лісовенко,Лисовенко,правильно,
Кісь,Кись,правильно,
Бех,Бех,правильно,
Маслій,Маслий,правильно,
Тітов,Титов,правильно,
Велика,Велыка,Исправлено ,
Нешик,Нешик,правильно,
Процай,Процай,правильно,
Завидовська-Марчук,Завидовская-Марчук,Исправлено ,
Рибалко,Рыбалко,правильно,
Ріжок,Рожок,правильно,
Рибалка,Рыбалка,правильно,
Лукрич,Лукрич,правильно,
Волошан,Волошан,правильно,
Колишко,Колышко,правильно,
Дроздик,Дроздик,правильно,
Згуладзе-Глуксманн,Згуладзе-Глуксманн,правильно,
Васьков,Васьков,правильно,
Волик,Волык,Исправлено,
Cушко,Сушко,правильно,
Орлянська,Орлянская,правильно,
Фурман,Фурман,правильно,
Фризоренко,Фризоренко,правильно,
Псарьов,Псарев,правильно,
Братіщева,Братищева,Исправлено,
Возна,Возная,правильно,
Колодич,Колодич,правильно,
Воловик,Воловик,правильно,
Шинаков,Шинаков,правильно,
Бем,Бем,правильно,
Брагінський,Брагинский,правильно,
Чепурний,Чепурной,Исправлено,
Олехнович,Олехнович,правильно,
Онуфрик,Онуфрик,правильно,
Бершадська,Бершадская,правильно,
Тагієв Садіг,Тагиев Садиг,Исправлено в админке,
Скрипчук,Скрипчук,правильно,
Бєлка,Белка,правильно,
Черчатий,Черчатый,Исправлено,
Галицький,Галицкий,правильно,
Амелін,Амелин,правильно,
Ксенжук,Ксенжук,правильно,
Дідух,Дидух,правильно,
Пукало,Пукало,правильно,
Романець,Романец,правильно,
Паничев,Паничев,правильно,
Константіновський,Константиновский,правильно,
Головчук,Головчук,правильно,
Бузовари,Бузовары,Исправлено,
Січевий,Сичевой,Исправлено,
Лічевецький,Личевецкий,Исправлено,
Слинько,Слынько,Исправлено,
Руських,Руських,Исправлено,
Лига,Лига,правильно,
Томашин,Томашин,правильно,
Єлфімов,Елфимов,правильно,
Грошева,Грошевая,Исправлено,
Кишкар,Кишкарь,правильно,
Терентьєв,Терентьев,правильно,
Шаламай,Шаламай,правильно,
Нікушин,Никушин,правильно,
Перепелиця,Перепелица,Исправлено,
Сибіга,Сибига,правильно,
Лушкіна,Лушкіна,правильно,
Гугніна,Гугнина,правильно,
Прядкіна,Прядкина,правильно,
Довгань,Довгань,правильно,
Атрощенко,Атрощенко,правильно,
Семерак,Семерак,правильно,
Луцак,Луцак,правильно,
Слободяніна,Слободянина,Исправлено,
Підгрушна,Пидгрушная,правильно,
Небилиця,Небылица,правильно,
Капелюха,Капелюха,правильно,
Горощук,Горощук,правильно,
Пірняк,Пирняк,правильно,
Бишевська,Бишевская,Исправлено,
Шкрум,Шкрум,правильно,
Міненкова,Миненкова,правильно,
Чельник,Чельник,правильно,
Бакута,Бакута,правильно,
Дзісяк,Дзисяк,правильно,
Смолін,Смолин,правильно,
Кривчун,Кривчун,правильно,
Кіхтенко,Кихтенко,правильно,
Ворона,Ворона,правильно,
Гайдуцький,Гайдуцкий,правильно,
Рішняк,Ришняк,правильно,
Ткач,Ткач,правильно,
Максюта,Максюта,правильно,
Стаматін,Стаматин,правильно,
Дубовенко,Дубовенко,правильно,
Лівінський,Ливинский,правильно,
Береславський,Береславский,правильно,
Євсіков,Евсиков,правильно,
Шутенко,Шутенко,правильно,
Шалай,Шалай,правильно,
Кондаков,Кондаков,правильно,
Юхименко,Юхименко,правильно,
Сорока,Сорока,правильно,
Денісов,Денисов,правильно,
Мартиняк,Мартыняк,правильно,
Радов,Радов,правильно,
Богатирчук-Кривко,Богатырчук-Кривко,правильно,
Джулай,Джулай,правильно,
Желих,Желих,правильно,
Сєвєрова,Северова,правильно,
Ільїн,Ильин,правильно,
Рачин,Рачин,правильно,
Ришкова,Ришкова,правильно,
Батяшова,Батяшова,правильно,
Таварткіладзе,Таварткиладзе,правильно,
Перелигін,Перелыгин,правильно,
Шикун,Шикун,правильно,
Свистунова,Свистунова,правильно,
Раздобудько,Раздобудько,правильно,
Кушнірова,Кушнирова,правильно,
Горькавий,Горькавий,правильно,
Клепчуков,Клепчуков,правильно,
Жила,Жила,правильно,
Подоляк,Подоляк,правильно,
Буханько,Буханько,правильно,
Кузюра Лілія,Кузюра Лилия,Исправлено в админке,
Пташник,Пташник,Исправлено,
Безверхий,Безверхий,правильно,
Березовенко,Березовенко,правильно,
Прись,Прись,правильно,
Дідиченко,Дидиченко,Исправлено,
Ясенчук,Ясенчук,правильно,
Сташенко,Сташенко,правильно,
Кругова,Круговая,правильно,
Пушкарьов,Пушкарев,правильно,
Горєлова,Горелова,правильно,
Гудак,Гудак,Исправлено,
Кранга,Кранга,правильно,
Абрамовський,Абрамовский,правильно,
Брославський,Брославский,Исправлено в оригинальной таблице и в админке,
Добринін,Добрынин,правильно,
Лубінець,Лубинец,Исправлено,
Митрофанський,Митрофанский,правильно,
Насіров,Насиров,правильно,
Матвєйшина,Матвейшина,Исправлено,
Стріха,Стриха,Исправлено,
Тарабан,Тарабан,правильно,
Козир,Козырь,правильно,
Туровська,Туровская,правильно,
Миколюк,Миколюк,правильно,
Запорожченко,Запорожченко,правильно,
Шаманська,Шаманская,правильно,
Вахновська,Вахновская,Исправлено,
Кривохатько,Кривохатько,правильно,
Ярмолюк,Ярмолюк,правильно,
Перевезенцев,Перевезенцев,правильно,
Костів,Костив,правильно,
Лісніченко,Лисниченко,правильно,
Шевальов,Шевалев,правильно,
Радутний,Радутный,Исправлено,
Дроник,Дроник,правильно,
Медьєши,Медьеши,Исправлено,
Лютий,Лютый,Исправлено,
Макеєва,Макеева,правильно,
Пантелієнко,Пантелеенко,Исправлено,
Чорний,Черный,правильно,
Ковтюк,Ковтюк,правильно,
Кварталова,Кварталова,правильно,
Мазниця,Мазница,правильно,
Касмінін,Касминин,Исправлено,
Смірнова,Смирнова,правильно,
Буравльов,Буравлев,правильно,
Озеран,Озеран,правильно,
Храмченко,Храмченко,правильно,
Васецька,Васецкая,правильно,
Сторчило,Сторчило,правильно,
Чобіток,Чобиток,Исправлено,
Кирницький,Кирницкий,Исправлено,
Галіян,Галиян,Исправлено,
Лівенцов,Ливенцов,правильно,
Шмітько,Шмитько,правильно,
Кубрак,Кубрак,правильно,
Пахнюк,Пахнюк,правильно,
Хабіб,Хабиб,правильно,
Болтунова,Болтунова,правильно,
Сабашук,Сабашук,правильно,
Балан,Балан,правильно,
Міхасішин,Михасишин,Исправлено,
Ханова,Ханова,правильно,
Холоднова,Холоднова,правильно,
Єремєєнко,Еремеенко,Исправлено,
Помазанов,Помазанов,правильно,
Дубник,Дубник,правильно,
Збитковська,Збитковская,Исправлено,
Гудов,Гудов,правильно,
Товстоног,Товстоног,правильно,
Ломейко,Ломейко,правильно,
Білоусова,Белоусова,правильно,
Табала,Табала,правильно,
Жук,Жук,правильно,
Сало,Сало,правильно,
Дутов,Дутов,правильно,
Хилевич,Хилевич,правильно,
Попруга,Подпруга,правильно,
Чічіль,Чичиль,Исправлено,
Поступайло,Поступайло,правильно,
Матвієнков,Матвиенков,правильно,
Шляхтицький Олександр,Шляхтицкий Александр,Исправлено в админке,
Олещук,Олещук,правильно,
Куровський,Куровский,правильно,
Арешонков,Арешонков,правильно,
Остапук,Остапук,правильно,
Ситнік,Сытник,правильно,
Клюба,Клюба,правильно,
Гриців,Грицев,правильно,
Алейник,Алейник,правильно,
Живоглядова,Живоглядова,правильно,
Ревега,Ревега,правильно,
Маньковський,Маньковский,правильно,
Ступакова Інна,Ступакова Инна,правильно,
Фідря,Фидря,Исправлено,
Старинець,Старинец,правильно,
Василевич,Василевич,правильно,
Замірець,Замирец,правильно,
Плакида,Плакида,правильно,
Мєзєнцев,Мезенцев,Исправлено,
Лінько,Линько,правильно,
Яшарова,Яшарова,правильно,
Радик,Радик,правильно,
Лук´янець,Лукьянец,Исправлено,
Демидюк,Демидюк,правильно,
Феєр,Феер,правильно,
Маміна,Мамина,правильно,
Лях,Лях,правильно,
Копил,Копыл,правильно,
Долгов,Долгов,правильно,
Могил,Могил,правильно,
Мотузок,Мотузок,Исправлено,
Кодрул,Кодрул,правильно,
Бобровський,Бобровский,Исправлено в оригинальной таблице и в админке,
Стротюк,Стротюк,правильно,
Шиман,Шиман,правильно,
Клюс,Клюс,правильно,
Базіль,Базиль,правильно,
Червакова,Червакова,правильно,
Слишинський,Слышинский,правильно,
Буженко,Буженко,правильно,
Куштан,Куштан,правильно,
Кружиліна,Кружилина,Исправлено,
Мартовицький,Мартовицкий,правильно,
Яворська,Яворская,правильно,
Кліменко,Клименко,правильно,
Волкодав,Волкодав,правильно,
Тютюн,Табак,правильно,
Іваниця,Иваница,правильно,
Панькевич,Панькевич,правильно,
Чорновол,Чорновол,правильно,
Яриніч,Яринич,Исправлено,
Рижиков,Рыжиков,правильно,
Гарник,Гарник,правильно,
Колісник,Колесник,правильно,
Туренко,Туренко,правильно,
Циба,Цыба,правильно,
Тіміш,Тимиш,правильно,
Фіалковський,Фиалковский,правильно,
Романів,Романов,правильно,
Проуторов,Проуторов,правильно,
Пільщик,Пыльщик,Исправлено,
П’янова,Пьянова,правильно,
Кустуров,Кустуров,правильно,
Ільєнок,Ильенок,правильно,
Вашетіна,Вашетина,Исправлено,
Дирдін,Дирдин,Исправлено,
Карнаух,Карнаух,правильно,
Коротких,Коротких,правильно,
Горобинський,Горобинский,Исправлено в оригинальной таблице и в админке,
Сахарілєнко,Сахариленко,Исправлено,
Кисіль,Кисель,правильно,
Раєнок,Раенок,правильно,
Задорожня,Задорожная,правильно,
Тенетко,Тенетко,правильно,
Кісіль,Кисиль,правильно,
Зуб,Зуб,правильно,
Фурик,Фурик,правильно,
Яніцький,Яницкий,правильно,
Говтвян,Говтвян,правильно,
Матківський,Маткивский,правильно,
Вадзінський,Вадзинский,Исправлено,
Лобов,Лобов,правильно,
Семенишин,Семенишин,правильно,
Кримська,Крымская,правильно,
Денісова,Денисова,правильно,
Дейдей,Дейдей,правильно,
Кошіль,Кошиль,правильно,
Арабей,Арабей,правильно,
Лебедь,Лебедь,правильно,
Гаманко,Гаманко,правильно,
Войченко,Войченко,правильно,
Семенчук,Семенчук,правильно,
Тертишна,Тертышная,правильно,
Сіверін,Сиверин,Исправлено,
Беспалов,Беспалов,правильно,
Семеній,Семений,правильно,
Уманець,Уманец,правильно,
Зозуля,Зозуля,Исправлено,
Петрушина,Петрушина,правильно,
Абасов,Абасов,правильно,
Бояркін,Бояркин,правильно,
Міронова,Миронова,правильно,
Желепа,Желепа,правильно,
Саранюк,Саранюк,правильно,
Головатенко,Головатенко,правильно,
Смокович,Смокович,правильно,
Квасневська,Квасневская,правильно,
Курилець,Курилец,правильно,
Шоля,Шоля,правильно,
Швед,Швед,правильно,
Запорожан,Запорожан,правильно,
Письменний,Письменный,Исправлено,
Зубрій,Зубрий,правильно,
Лошаков,Лошаков,правильно,
Борсай,Борсай,правильно,
Бриченко,Бриченко,правильно,
Майор,Майор,правильно,
Рецебуринський,Рецебуринский,Исправлено,
Хаіров,Хаиров,правильно,
Кушнір,Кушнир,Исправлено,
Сіваченко,Сиваченко,правильно,
Шлай,Шлай,правильно,
Карпушова,Карпушова,правильно,
"Парій Михайло Петрович,","Парий Михаил Петрович,",Исправлено,
Каплін,Каплин,правильно,
Завгородня,Завгородняя,правильно,
Ліщинський,Лищинский,правильно,
Рибченко,Рыбченко,правильно,
Кот,Кот,правильно,
Вороненко,Вороненко,правильно,
Климпуш-Цинцадзе,Климпуш-Цинцадзе,правильно,
Мудрецький,Мудрецкий,правильно,
Яловенко,Яловенко,правильно,
Джабурія Олександр, Джабурия Александр,Исправлено,
Дериволков,Дериволков,правильно,
Дербенцева,Дербенцева,правильно,
Севирін,Севирин,Исправлено,
Тупицький,Тупицкий,Исправлено,
Кадомський,Кадомский,правильно,
Хенкін,Хенкин,правильно,
Горобець,Горобец,правильно,
Сергеєв,Сергеев,правильно,
Гвоздик,Гвоздик,правильно,
Чалий,Чалый,правильно,
Панкеєв,Панкеев,правильно,
Острікова,Острикова,Исправлено,
Коломиc,Коломыс,правильно,
Спаскін,Спаскин,Исправлено,
Кобзар,Кобзарь,правильно,
Курило,Курило,правильно,
Поєдинок,Поединок,правильно,
Голуб,Голубь,правильно,
Алданова,Алданова,правильно,
Синьогуб,Синегуб,правильно,
Магута,Магута,правильно,
Козирь,Козырь,Исправлено,
Дворніченко,Дворниченко,Исправлено,
Жалдак,Жалдак,правильно,
Семенуха,Семенуха,правильно,
Хоптян,Хоптян,правильно,
Лук’яненко,Лукьяненко,правильно,
Дьомич,Дьомич,правильно,
Малех,Малех,правильно,
Жолобецький,Жолобецкий,правильно,
Пісной,Писной,Исправлено в оригинальной таблице и в админке,
Симаченко,Симаченко,правильно,
Фаєрмарк,Фаермарк,правильно,
Лічман,Личман,правильно,
Старовойт,Старовойт,правильно,
Сиротюк,Сиротюк,правильно,
Ястремський,Ястремский,правильно,
Заярнюк,Заярнюк,правильно,
Мартєв,Мартев,Исправлено,
Ольгард,Ольгард,правильно,
Сольвар,Сольвар,правильно,
Луговий,Луговой,правильно,
Бець,Бец,правильно,
Бовчалюк,Бовчалюк,правильно,
Попко,Попко,правильно,
Масюта,Масюта,правильно,
Левенець,Левенец,правильно,
Россолов,Россолов,правильно,
Каралюс,Каралюс,правильно,
Вінницька,Винницкая,правильно,
Тулуб,Тулуб,Исправлено,
Малієнко,Малиенко,правильно,
Коротун,Коротун,Исправлено,
Ростова,Ростова,правильно,
Проскура,Проскура,Исправлено,
Жаботина,Жаботин,правильно,
Кухта,Кухта,правильно,
Бережний,Бережный,правильно,
Комарович,Комарович,правильно,
Гаркуша,Гаркуша,правильно,
Шумелюк,Шумелюк,правильно,
Коболев,Коболев,правильно,
Прокопчук,Прокопчук,правильно,
Грядущий,Грядущий,правильно,
Станік,Станик,правильно,
Сукач,Сукач,правильно,
Уставицький,Уставицкий,Исправлено,
Мудрий,Мудрый,правильно,
Діхтяр,Дихтяр,правильно,
Безименна,Безименна,правильно,
Каракулін,Каракулина,правильно,
Тичинок,Тычинок,правильно,
Бліннікова,Блинникова,Исправлено,
Голубчак,Голубчак,правильно,
Жовтенко,Жовтенко,правильно,
Дюков,Дюков,правильно,
Заліщук,Залищук,правильно,
Габер,Габер,правильно,
Ріпка,Репка,Исправлено,
Богомолець,Богомолец,правильно,
Коваль Марат,Коваль Марат,Исправлено,
Ігнатюк,Игнатюк,правильно,
Мирний,Мирный,правильно,
Бенедик,Бенедик,правильно,
Фаріна,Фарина,правильно,
Нєсвєтова,Несветова,Исправлено,
Абраменко,Абраменко,правильно,
Корж,Корж,правильно,
Самокіш,Самокиш,правильно,
Погарський,Погарский,правильно,
Горішний,Горишный,правильно,
Бечко,Бечко,правильно,
Антонищак,Антоныщак,правильно,
Сомсіков,Сомсиков,Исправлено,
Пузиревський,Пузыревский,правильно,
Чорногуз,Чорногуз,Исправлено,
Ландар,Ландарь,правильно,
Наконєчний,Наконечный,Исправлено,
Светелік,Светелик,правильно,
Нежурбіда,Нежурбида,Исправлено,
Вітренко,Витренко,правильно,
Аранчій,Аранчий,Исправлено,
Бережна,Бережная,правильно,
Різанов,Ризанов,правильно,
Кателін,Кателин,правильно,
Бездітко,Бездетко,правильно,
Троїцька,Троицкая,правильно,
Гоцул,Гоцул,правильно,
Севіванова,Севиванова,Исправлено,
Горжій,Горжий,Исправлено,
Лісіченко,Лисиченко,правильно,
Шлемко,Шлемко,правильно,
Мудренко,Мудренко,правильно,
Ланкмілєр,Ланкмилер,Исправлено,
Серафимова,Серафимова,правильно,
Чиж,Чиж,правильно,
Махлай,Махлай,правильно,
Кролевець,Кролевец,правильно,
Жизневська,Жизневская,правильно,
Балін,Балин,правильно,
Загорський,Загорский,правильно,
Наумчук,Наумчук,правильно,
Батрак,Батрак,правильно,
Сопельник,Сопельник,правильно,
Сьомка,Семка,правильно,
Бердніков,Бердников,правильно,
Ковбасюк,Ковбасюк,правильно,
Силка,Сылка,Исправлено,
Жмурин,Жмурина,правильно,
Розенблат,Розенблат,правильно,
Паламарчук,Паламарчук,правильно,
Хромець,Хромец,правильно,
Косован,Косован,правильно,
Кімлик,Кимлик,Исправлено,
Самусенко,Самусенко,правильно,
Бабак,Бабак,Исправлено,
Пліш,Плиш,правильно,
Громік,Громик,правильно,
Столярик,Столярик,правильно,
Мехед,Мехед,правильно,
Сілкова,Силкова,правильно,
Маліченко,Маличенко,правильно,
Царюк,Царюк,правильно,
Кирій,Кирий,правильно,
Бугрименко,Бугрименко,правильно,
Семенцов,Семенцов,правильно,
Железнов,Железнов,правильно,
Мацунич,Мацунич,правильно,
Кулініч,Кулинич,правильно,
Сопрун,Сопрун,правильно,
Яцун,Яцун,правильно,
Стародубець,Стародубец,Исправлено,
Кравець Олександр,Кравец Александр,Исправлено,
Окорочкова,Окорочкова,правильно,
Бурлай,Бурлай,правильно,
Курінський,Куринский,Исправлено,
Букаєв,Букаев,правильно,
Втерковський,Втерковский,Исправлено,
Засуха,Засуха,правильно,
Кривич,Кривич,правильно,
Рейнарт,Рейнарт,правильно,
Сербін,Сербин,правильно,
Ісаєнко,Исаенко,правильно,
Бритков,Бритков,правильно,
Плавич,Плавич,правильно,
Новосьолов,Новоселов,правильно,
Коробка,Коробка,правильно,
Зуєва Лариса,Зуева Лариса,правильно,
Кайнара,Кайнара,правильно,
Студенець,Студенец,правильно,
Карплюк,Карплюк,правильно,
Дулуб,Дулуб,правильно,
Міліщук,Милищук,Исправлено,
Німченко,Нимченко,правильно,
Вавровський,Вавровский,Исправлено,
Терновий,Терновый,правильно,
Дерев’янко,Деревянко,правильно,
Майданевич,Майданевич,правильно,
Шепітько,Шепитько,правильно,
Руднев,Руднев,правильно,
Процько,Процько,правильно,
Сирота,Сирота,правильно,
Чуприненко,Чуприненко,правильно,
П’єнта,Пьента,Исправлено,
Жиденко,Жиденко,правильно,
Епель,Эпель,правильно,
Дрішлюк,Дришлюк,правильно,
Горелкіна,Горелкина,правильно,
Рябішин,Рябишин,Исправлено,
Онофрейчук,Онофрейчук,правильно,
Віленчук,Виленчук,Исправлено,
Кочерова,Кочерова,правильно,
Середа,Середа,Исправлено,
Вербицька Ніна,Вербицкая Нина,Исправлено,
Матус,Матус,правильно,
Гарбарук,Гарбарук,правильно,
Палатний,Палатный,правильно,
Суржок,Суржок,правильно,
Золотніков Олександр,Золотников Александры,Исправлено,
Вечірко,Вечирко,правильно,
Ягун,Ягун,правильно,
Ляховська,Ляховская,правильно,
Шпек,Шпек,правильно,
Салабай,Салабай,правильно,
Щепоткіна,Щепоткина,правильно,
Вінгаль Валентина,Вингаль Валентина,правильно,
Янчук,Янчук,правильно,
Міняйло,Миняйло,Исправлено,
Рева,Рева,правильно,
Гаценко,Гаценко,правильно,
Акулова,Акулова,правильно,
Яковлев,Яковлев,правильно,
Свистун,Свистун,правильно,
Руснак,Руснак,правильно,
Бучик,Бучик,правильно,
Масло,Масло,правильно,
Колченко,Колченко,правильно,
Єленський,Еленский,правильно,
Бордюг,Бордюг,правильно,
Мальченко,Мальченко,правильно,
Пастух,Пастух,правильно,
Слоневський,Слоневский,правильно,
Кривда,Кривда,Исправлено,
Марцинюк,Марцинюк,правильно,
Нагорна,Нагорная,правильно,
Шаповал,Шерстобит,правильно,
Сокуренко,Сокуренко,правильно,
Токар,Токарь,правильно,
Новинський,Новинский,правильно,
Федосієнко,Федосеенко,Исправлено,
Оніщенко,Онищенко,правильно,
Запотічний,Запоточный,Исправлено,
Люшня,Люшня,правильно,
Переверзєва,Переверзева,правильно,
Кропивна,Крапивна,правильно,
Борова,Боровая,правильно,
Ліх,Лих,правильно,
Абдуллін,Абдуллин,правильно,
Моніч,Монич,правильно,
Русанова,Русанова,правильно,
Паскал,Паскал,правильно,
Городнича,Городничая,правильно,
Мостовий,Мостовой,правильно,
Рассуждай,Рассуждай,правильно,
Бахмат,Бахмат,правильно,
Ротар,Ротар,правильно,
Дрига,Дрыга,правильно,
Гладковський,Гладковский,правильно,
Абромавичус,Абромавичус,правильно,
Загородній,Загородний,Исправлено,
Крейбух,Крейбух,правильно,
Чев’юк,Чевьюк,Исправлено,
Балута,Балута,правильно,
Томахін,Томахин,правильно,
Кацуба,Кацуба,правильно,
Хохич,Хохич,правильно,
Хомицький,Хомицкий,правильно,
Чечоткін,Чечеткин,правильно,
Негода,Негода,Исправлено,
Зіміна,Зимина,правильно,
Сокол,Сокол,правильно,
Соломатіна,Соломатина,правильно,
Демкович,Демкович,правильно,
Вітко,Витко,правильно,
Касько,Касько,правильно,
Зубакова,Зубакова,правильно,
Байдак,Байдак,правильно,
Кутафін,Кутафин,правильно,
Сорочко,Сорочко,правильно,
Стрелюк,Стрелюк,правильно,
Рєпіна,Репина,правильно,
Пойда,Пойда,правильно,
Соколан,Соколан,правильно,
Зінник,Зинник,правильно,
Деденок,Деденок,правильно,
Гірняк,Гирняк,правильно,
Чаку,Чаку,правильно,
Держерука,Держерука,правильно,
Чеченіна,Чеченина,Исправлено,
Ровинський,Ровинский,правильно,
Рад,Рад,Исправлено,
Малінська,Малинская,Исправлено,
Бондарчук-Ладна,Бондарчук-Ладная,правильно,
Бухарєв,Бухарев,правильно,
Прокш,Прокш,правильно,
Гулько,Гулько,правильно,
Острович,Острович,правильно,
Донець,Донец,правильно,
Щабельський,Щабельский,Исправлено,
Мілаш,Милаш,правильно,
Таран,Таран,правильно,
Грязнов,Грязнов,правильно,
Южаніна,Южанина,правильно,
Глінін,Глинин,правильно,
Маловічко,Маловичко,правильно,
Коблош,Коблош,правильно,
Здітовецька,Здитовецкая,Исправлено,
Потанін,Потанин,правильно,
Кадєтова,Кадєтова,Исправлено,
Березенко,Березенко,правильно,
Боденчук,Боденчук,правильно,
Сімоненко,Симоненко,правильно,
Виконуючий Обов’язки Цвях,Исполняющий Обязанности Цвях,Исправлено,
Шитченко,Шитченко,правильно,
Розізнана,Розизнаная,правильно,
Краснопольський,Краснопольский,правильно,
Ягодін,Ягодин,правильно,
Дячишин,Дячишин,правильно,
Яцина,Яцына,правильно,
Басок,Басок,Исправлено,
Суховий,Суховый,Исправлено,
Маліков,Маликов,правильно,
Хлапук,Хлапук,правильно,
Матієшин,Матиешин,правильно,
Долозіна,Долозина,Исправлено,
Попікова,Попикова,правильно,
Бойко,Бойко,правильно,
Льовочкіна,Левочкина,правильно,
Сибільова,Сибилева,Исправлено,
Чих,Чих,правильно,
Бучинська,Бучинская,правильно,
Фаловська,Фаловская,правильно,
Іщук,Ищук,правильно,
Марич,Марич,правильно,
Мирутенко,Мирутенко,правильно,
Котушенко,Котушенко,правильно,
Шило,Шило,Правильно,
Свінціцька,Свинцицкая,Правильно,
Білоусов,Белоусов,Правильно,
Болгар,Болгар,Правильно,
Маліновський,Малиновский,Правильно,
Хрипун,Хрипун,Правильно,
Сіровська,Сировская,Исправлено,
Овчаров,Овчаров,Правильно,
Самардак,Самардак,Правильно,
Матюшина,Матюшина,Правильно,
Ярмак,Ярмак,Правильно,
Гах,Гах,Правильно,
Обрізко,Обризко,Исправлено,
Малежик,Малежик,Правильно,
Мішеніна,Мишенина,Правильно,
Кульбач,Кульбач,Правильно,
Цюра,Цюра,Правильно,
Гальонкін,Галенкин,Исправлено,
Мічуда,Мичуда,Исправлено,
Лісовий,Лисовый,Правильно,
Головач,Головач,Правильно,
Бенедисюк,Бенедисюк,Правильно,
Скрипець,Скрипец,Правильно,
Влад,Влад,Правильно,
Будзинський,Будзинский,Правильно,
Полунєєв,Полунеев,Правильно,
Вавшко,Вавшко,Правильно,
Дворніков,Дворников,Правильно,
Берназ,Берназ,Правильно,
Ярош,Ярош,Правильно,
Леванчук,Леванчук,Правильно,
Паніко,Панико,Исправлено,
Калашнікова,Калашникова,Правильно,
Недава,Недава,Правильно,
Мишинчук,Мишинчук,Правильно,
Кашуба,Кашуба,Правильно,
Алюкова,Алюкова,Правильно,
Очеретяний,Очеретяный,Исправлено,
Матковська,Матковская,Правильно,
Симчера,Симчера,Правильно,
Сулім,Сулим,Правильно,
Дюкарєва,Дюкарева,Исправлено,
Джихур,Джихур,Правильно,
Півнюк,Пивнюк,Правильно,
Юровська,Юровская,Правильно,
Мущинін,Мущинин,Правильно,
Калараш,Калараш,Исправлено,
Михальська,Михальская,Правильно,
Ігнатченко,Игнатченко,Правильно,
Гусак,Гусак,Исправлено,
Боварш,Боварш,Правильно,
Матухно,Матухно,Правильно,
Круговий,Круговой,Правильно,
Плюшко,Плюшко,Правильно,
Карайван,Карайван,Правильно,
Юрків,Юркив,Правильно,
Сегеда,Сегеда,Правильно,
Павелко,Павелко,Правильно,
Драпчинська,Драпчинская,Исправлено,
Логвинський,Логвинский,Правильно,
Бублик,Бублик,Исправлено,
Дубовицький,Дубовицький,Исправлено в оригинальной таблице и админке,
Деревянчук,Деревянчук,Правильно,
Котелевець,Котелевец,Правильно,
Слаута,Слаута,Правильно,
Шимків,Шимкив,Правильно,
Зеленін,Зеленин,Правильно,
Калашніков,Калашников,Правильно,
Джавага,Джавага,Правильно,
Спірідонова,Спиридонова,Правильно,
Казначеєв,Казначеев,Правильно,
Буркат,Буркат,Правильно,
Алєєва,Алеева,Правильно,
В’юник,Вьюник,Правильно,
Матущак,Матущак,Правильно,
Махницький,Махницкий,Правильно,
Дудник,Дудник,Правильно,
Червонописький,Червонопиский,Правильно,?
Біляк,Беляк,Правильно,
Гопко,Гопко,Правильно,
Вахрушев,Вахрушев,Правильно,
Корнюша,Корнюша,Правильно,
Моїсеєнко,Моисеенко,Правильно,
Сердюк,Сердюк,Правильно,
Капітан,Капитан,Правильно,
Вовк,Вовк,Исправлено,
Шавель,Шавель,Правильно,
Баранець,Баранец,Исправлено,
Кутовий,Кутовый,Исправлено,
Скотарь,Скотарь,Правильно,
Калабуха,Калабуха,Правильно,
Єлізаренко,Елизаренко,Исправлено,
Одинець,Одинец,Исправлено,
Журба,Журба,Исправлено,
Гнидюк,Гнидюк,Правильно,
Крулько,Крулько,Правильно,
Шковира,Шковыра,Правильно,
Харлан,Харлан,Правильно,
Рибак,Рыбак,Правильно,
Бовсуновський,Бовсуновский,Правильно,
Ременюк,Ременюк,Правильно,
Федусик Андрій,Федусик Андрей,Исправлено в админке,
Дужич,Дужич,Правильно,
Юрик,Юрик,Правильно,
Писана,Писаная,Правильно,?
Фальчук,Фальчук,Исправлено,
Подобайло,Подобайло,Правильно,
Кожевніков,Кожевников,Правильно,
Парінов,Паринов,Правильно,
Тригубенко,Тригубенко,Правильно,
Бринцев,Брынцев,Правильно,
Кучевський,Кучевский,Правильно,
Тракало,Тракало,Правильно,
Камишева,Камышева,Правильно,
Цвіркун,Цвиркун,Исправлено,
Коцюрба,Коцюрба,Правильно,
Рогач,Рогач,Правильно,
Суховаров,Суховаров,Правильно,
Жукровський,Жукровский,Правильно,
Лозко,Лозко,Правильно,
Карпук,Карпук,Правильно,
Кроляк,Кроляк,Правильно,
Беркут,Беркут,Правильно,
Кондор,Кондор,Правильно,
Шицький,Шицкий,Правильно,
Собослой,Собослой,Правильно,
Прямілова,Прямилова,Исправлено,
Чебанова-Губарєва,Чебанова-Губарева,Правильно,
Польовий,Полевой,Правильно,
Декайло,Декайло,Правильно,
Сташук,Сташук,Правильно,
Белашков,Белашков,Правильно,
Триголов,Триголов,Правильно,
Вахно,Вахно,Правильно,
Макаровська,Макаровская,Правильно,
Кузміч,Кузмич,Правильно,
Петрук,Петрук,Правильно,
Талапчук,Талапчук,Правильно,
Сидоров,Сидоров,Исправлено в оригинальной таблице и админке,
Губіна,Губина,Правильно,
Пашкіна,Пашкина,Правильно,
Настасяк,Настасяк,Правильно,
Кормиліцина,Кормилицина,Исправлено,
Весельська,Весельская,Исправлено,?
Бойков,Бойков,Правильно,
Зелений,Зеленый,Правильно,
Кужель,Кужель,Правильно,
Чухляк,Чухляк,Правильно,
Говда,Говда,Правильно,
Авалян,Авалян,Правильно,
Єфремова-Ладогубець,Ефремова-Ладогубец,Исправлено,
Пашинська,Пашинская,Правильно,
Дуфнік,Дуфник,Исправлено,
Миргородський,Миргородский,Правильно,
Собіна,Собина,Правильно,
Стрелець,Стрелец,Правильно,
Шпак,Шпак,Исправлено,
Бриндак,Брындак,Правильно,
Кислий,Кислый,Правильно,
Янківський,Янковский,Правильно,?
Котула,Котула,Правильно,
Здоровко,Здоровко,Правильно,
Варикаша,Варикаша,Правильно,
Манжосов,Манжосов,Правильно,
Трошечко,Трошечко,Правильно,
Каснокутська,Каснокутская,Исправлено,?
Корчик,Корчик,Исправлено,
Дацків,Дацкив,Правильно,
Красько,Красько,Правильно,
Олефіров,Олефиров,Правильно,
Марухно,Марухно,Правильно,
Кіт,Кот,Правильно,?
Прокопова,Прокопова,Правильно,
Фалатюк,Фалатюк,Правильно,
Дердюк,Дердюк,Правильно,
Гордійко,Гордийко,Правильно,
Агеєнко,Агеенко,Правильно,
Охендовський,Охендовский,Правильно,
Шамбір,Шамбир,Правильно,
Пивовар,Пивовар,Правильно,
Лисов,Лысов,Правильно,
Рейтер,Рейтер,Правильно,
Марочкін,Марочкин,Правильно,
Плетньов,Плетнев,Правильно,
Амельченко,Амельченко,Правильно,
Штульман,Штульман,Правильно,
Єремейчук,Еремейчук,Исправлено,
Хорольський,Хорольский,Правильно,
Пількевич,Пилькевич,Правильно,
Дзюбін,Дзюбин,Правильно,
Синчук,Синчук,Правильно,
Чупахін,Чупахин,Правильно,
Сочка,Сочка,Правильно,
Шаповал,Шаповал,Исправлено в таблице и админке,
Чебанов,Чебанов,Правильно,
Тиха,Тихая,Правильно,
Дунаєв,Дунаев,Правильно,
Нізельковська,Низельковская,Исправлено,?
Река,Река,Правильно,
Кіссе,Киссе,Правильно,
Кашперська,Кашперская,Исправлено,?
Шкварилюк,Шкварилюк,Правильно,
Гаваші,Гаваши,Правильно,
Габелев,Габелев,Правильно,
Старосуд,Старосуд,Правильно,
Гєллєр,Геллер,Правильно,
Плахов,Плахов,Правильно,
Проців,Процев,Правильно,
Джуга,Джуга,Правильно,
Чобур,Чобур,Правильно,
Кошелєва,Кошелева,Правильно,
Ступаков,Ступаков,Правильно,
Незола,Незола,Правильно,
Круглікова,Кругликова,Правильно,
Гольцова,Гольцова,Правильно,
Украінцева,Украинцева,Исправлено,
Жайворонок,Жаворонок,Правильно,?
Парандюк,Парандюк,Правильно,
Жаботинська,Жаботинская,Правильно,
Чмирь,Чмырь,Правильно,
Капуста,Капуста,Правильно,
Крикливенко,Крикливенко,Правильно,
Пругло,Пругло,Правильно,
Сас,Сас,Правильно,
Шурко,Шурко,Исправлено,
Христофоров,Христофоров,Правильно,
Безсмертний,Бессмертный,Правильно,
Комендат,Комендат,Правильно,
Літвіна,Литвина,Правильно,
Андрусь,Андрусь,Правильно,
Бугайчук,Бугайчук,Правильно,
Чернега,Чернега,Правильно,
Мойсюк,Мойсюк,Правильно,
Темкіжев,Темкижев,Правильно,
Суржик,Суржик,Правильно,
Івахів,Ивахив,Правильно,
Коцупал,Коцупал,Правильно,
Молошна,Молошная,Исправлено,?
Пресман,Пресман,Правильно,
Скалецька,Скалецкая,Правильно,
Горяйнов,Горяйнов,Правильно,
Дроботова,Дроботова,Правильно,
Будовіцький,Будовицкий,Исправлено,
Іванчак,Иванчак,Исправлено,
Юркіна,Юркина,Правильно,
Мевлід,Мевлид,Правильно,
Корчміт,Корчмит,Правильно,
Талалай,Талалай,Правильно,
Дякович,Дякович,Правильно,
Сліденко,Слиденко,Правильно,
Колтунова,Колтунова,Правильно,
Дашковська,Дашковская,Правильно,
Камзалов,Камзалов,Правильно,
Галиць,Галиц,Правильно,
Данілов,Данилов,Правильно,
Окіс,Окис,Правильно,
Черпіцька,Черпицкая,Правильно,
Александрук,Александрук,Правильно,
Земляна,Земляная,Правильно,?
Рассовський,Рассовский,Исправлено,
Чорномаз,Черномаз,Правильно,
Кістіон,Кистион,Правильно,
Папка,Папка,Правильно,
Гутник,Гутник,Правильно,
Лучинкін,Лучинкин,Правильно,
Надоленко,Надоленко,Правильно,
Сціба,Сциба,Исправлено,
Братков,Братков,Правильно,
Нікітчук,Никитчук,Правильно,
Парацій,Параций,Правильно,
Мосійчук,Мосийчук,Правильно,
Гома,Гома,Правильно,
Слоквенко,Слоквенко,Правильно,
Петухов,Петухов,Правильно,
Янушкевич,Янушкевич,Правильно,
Баул,Баул,Правильно,
Оробцова,Оробцова,Правильно,
Коберник,Коберник,Правильно,
Лукманова,Лукманова,Правильно,
Паскар,Паскарь,Правильно,?
Позігун,Позигун,Правильно,
Мужев,Мужев,Правильно,
Довга,Довга,Исправлено,
Матіос,Матиос,Правильно,
Рафальський,Рафальский,Правильно,
Лич,Лыч,Исправлено,
Дядик,Дядык,Правильно,
Яхеєва,Яхеева,Правильно,
Подобєд,Подобед,Правильно,
Смолка,Смолка,Правильно,
Парубій,Парубий,Правильно,
Болан,Болан,Исправлено,
Купрій,Куприй,Правильно,
Калатай,Калатай,Исправлено,
Мікулін,Микулин,Правильно,
Шелест,Шелест,Правильно,
Кадикало,Кадыкало,Исправлено,
Гулид,Гулид,Правильно,
Конопліна,Коноплина,Правильно,
Гулий,Гулый,Правильно,
Галунко,Галунко,Правильно,
Бортний,Бортный,Исправлено,
Медвецький,Медвецкий,Правильно,
Чужа,Чужая,Правильно,?
Файніцький,Файницкий,Исправлено,
Кулішенко,Кулишенко,Правильно,
Безбах,Безбах,Правильно,
Юлик,Юлик,Правильно,
Снітко,Снитко,Правильно,
Скрипка,Скрипка,Правильно,
Яровий,Яровой,Правильно,
Кобаль,Кобаль,Правильно,
Курячий,Курячий,Исправлено,
Ляліна,Лялина,Правильно,
Ліпецький,Липецкий,Правильно,
Дунас,Дунас,Правильно,
Колосовський,Колосовский,Правильно,
Говоруха,Говоруха,Исправлено,
Лісіцина,Лисицына,Правильно,
Селіваненко,Селиваненко,Исправлено,
Клубань,Клубань,Правильно,
Кріль,Криль,Исправлено,
Тополюк,Тополюк,Правильно,
Крещенко,Крещенко,Правильно,
Тихий,Тихий,Правильно,
Курикін,Курыкин,Правильно,
Троненко,Троненко,Правильно,
Амєлін,Амелин,Правильно,
Найда,Найда,Исправлено,
Булейко,Булейко,Правильно,
Подолюк,Подолюк,Правильно,
Круглик,Круглик,Правильно,
Новов,Новов,Правильно,
Галібаренко,Галибаренко,Исправлено,
Султанський,Султанский,Правильно,
Мисик,Мисик,Правильно,
Пишний,Пышный,Правильно,
Чус,Чус,Правильно,
Миханюк,Миханюк,Правильно,
Самохін,Самохин,Правильно,
Пустовар,Пустовар,Правильно,
Лекан,Лекан,Правильно,
Наливайченко,Наливайченко,Исправлено в оригинальной таблице и админке,
Сенатор,Сенатор,Правильно,
Єлісєєв,Елисеев,Правильно,
Виноградник,Виноградник,Правильно,
Костєнніков,Костенников,Исправлено,
Любович,Любович,Правильно,
Кочкова,Кочкова,Правильно,
Олефір,Олефир,Правильно,
Косач,Косач,Правильно,
Блошенко,Блошенко,Правильно,
Дусяк,Дусяк,Правильно,
Чуб,Чуб,Правильно,
Любчич,Любчич,Правильно,
Шишка,Шишка,Правильно,
Британчук,Британчук,Правильно,
Маринчак,Маринчак,Правильно,
Немировська,Немировская,Правильно,
Серватюк,Серватюк,Правильно,
Грейц,Грейц,Правильно,
Куць,Куць,Правильно,
Джерелейко,Джерелейко,Правильно,
Нагорний,Нагорный,Правильно,
Іжевська,Ижевская,Исправлено,
Савіна,Савина,Правильно,
Ковач,Ковач,Правильно,
Капустинський,Капустинский,Правильно,
Кобрін,Кобрин,Правильно,
Сватаненко,Сватаненко,Правильно,
Скорик,Скорик,Правильно,
Осєтров,Осетров,Исправлено,
Мехлик,Мехлик,Правильно,
Лакіза,Лакиза,Правильно,
Божок,Божок,Правильно,
Ференс,Ференс,Правильно,
Гальянова,Гальянова,Правильно,
Мульченко,Мульченко,Правильно,
Шишов,Шишов,Правильно,
Дирів,Дирив,Правильно,
Малинін,Малинин,Исправлено,
Продай,Продай,Правильно,
Корніюк,Корниюк,Правильно,
Катунов,Катунов,Правильно,
Продан,Продан,Правильно,
Дідич,Дидыч,Исправлено,
Школяров,Школяров,Правильно,
Отрюх,Отрюх,Правильно,
Рішко,Ришко,Правильно,
Ліпський,Липский,Исправлено в оригинальной таблице и админке,
Кочерев,Кочерев,Правильно,
Неборський,Неборский,Исправлено,
Сюмар,Сюмар,Правильно,
Цеголко,Цеголко,Правильно,
Кочірко,Кочирко,Правильно,
Самчишина,Самчишина,Правильно,
Шаргало,Шаргало,Правильно,
Бистрик,Быстрик,Правильно,
Саприкіна,Сапрыкина,Правильно,
Остапчик,Остапчик,Правильно,
Юхачов,Юхачов,Правильно,
Дедик,Дедик,Правильно,
Димерлій Олександр,Димерлій Александр,Исправлено в админке,
Дадашева,Дадашева,Правильно,
Філончук,Филончук,Исправлено,
Лісов,Лисов,Правильно,
Дадим,Дадим,Правильно,
Гербутов,Гербутов,Правильно,
Троян,Троян,Правильно,
Корженівський,Корженовский,Исправлено,
Козел,Козел,Правильно,
Голова Партії Глазунов,Председатель Партии Глазунов,Исправлено в оригинальной таблице и админке,
Пшенічна,Пшеничная,Исправлено,?
Колтипін,Колтыпин,Исправлено,
Панікарова,Паникарова,Исправлено,
Рабінович,Рабинович,Правильно,
Кривошея,Кривошея,Правильно,
Закалюжний,Закалюжный,Правильно,
Самсін,Самсин,Правильно,
Бурденюк,Бурденюк,Правильно,
Гичко,Гичко,Правильно,
Філіпішина,Филипишина,Правильно,
Ситник,Сытник,Правильно,
Грек,Грек,Правильно,
Валендюк,Валендюк,Правильно,
Дмитровський,Дмитровський,Исправлено в оригинальной таблице и админке,
Літман,Литман,Правильно,
Бурлака,Бурлака,Исправлено,
Глос,Глос,Исправлено,
Богуслаєв,Богуслаев,Правильно,
Ткачівська,Ткачевская,Правильно,
Табака,Табака,Правильно,
Іжина,Ижина,Исправлено,
Пермяков,Пермяков,Правильно,
Дрок,Дрок,Правильно,
Голощук,Голощук,Правильно,
Михайловська,Михайловская,Правильно,
Судова-Хомюк,Судова-Хомюк,Исправлено,
Шацький,Шацкий,Правильно,
Кочеткова,Кочеткова,Правильно,
Засипка,Засыпка,Правильно,
Іоннікова,Ионникова,Исправлено,
Разінков,Разинков,Исправлено,
Коваль,Коваль,Правильно,
Герелюк,Герелюк,Правильно,
Слободін,Слободин,Правильно,
Тимчук,Тимчук,Правильно,
Насалик,Насалик,Правильно,
Фєщєва,Фещева,Исправлено,
Ратич,Ратич,Правильно,
Філоненко,Филоненко,Правильно,
Ланьо,Ланьо,Правильно,
Полосенко,Полосенко,Правильно,
Кривошей,Кривошей,Правильно,
Пахіль,Пахиль,Правильно,
Осовських,Осовских,Правильно,
Тодорюк,Тодорюк,Правильно,
Жовнір,Жовнир,Правильно,
Шулик,Шулик,Правильно,
Дерепа,Дерепа,Правильно,
Канигіна,Каныгина,Правильно,
Трубаров,Трубаров,Правильно,
Поляк,Поляк,Правильно,
Градовський Юрій,Градовський Юрий,Исправлено в админке,
Русакова,Русакова,Правильно,
Косарєв,Косарев,Правильно,
Крейденко,Крейденко,Правильно,
Жаліло,Жалило,Правильно,
Тельнікова,Тельникова,Правильно,
Музика,Музыка,Правильно,
Шершун,Шершун,Правильно,
Лимар,Лымарь,Правильно,
Тацій,Таций,Правильно,
Швецова,Швецова,Правильно,
Барбелюк,Барбелюк,Правильно,
Фанда,Фанда,Правильно,
Терлецький,Терлецкий,Правильно,
Грицун,Грицун,Правильно,
Фріз,Фриз,Правильно,
Палькова,Палькова,Правильно,
Кишинський,Кишинский,Правильно,
Українець,Украинец,Правильно,
Бєлікова,Беликова,Правильно,
Діхтярьов,Дихтярев,Исправлено,
Болотін,Болотин,Правильно,
Лабазюк,Лабазюк,Правильно,
Шроль,Шроль,Правильно,
Остапець,Остапец,Правильно,
Мачульський,Мачульский,Правильно,
Довгаль,Довгаль,Правильно,
Ванат,Ванат,Правильно,
Бочарников,Бочарников,Правильно,
Бисага,Бисага,Правильно,
Мануйлов,Мануйлов,Правильно,
Лапицька,Лапицкая,Правильно,
Березкіна,Березкина,Правильно,
Домусчі Степан,Степан Домусчи,Исправлено в админке,
Хабаров,Хабаров,Правильно,
Тітова,Титова,Правильно,
Алєксєєнко,Алексеенко,Правильно,
Білоконєв,Белоконев,Исправлено,
Гашков,Гашков,Правильно,
Турецька Ірина,Турецкая Ирина,Исправлено в админке,
Вівдиченко,Вивдиченко,Исправлено,
Гук,Гук,Правильно,
Суковатий,Суковатый,Правильно,
Слободянюк,Слободянюк,Правильно,
Губська,Губская,Правильно,
Буковський,Буковский,Правильно,
Приндюк,Приндюк,Правильно,
Полоз,Полоз,Правильно,
Котов,Котов,Правильно,
Шляховчук,Шляховчук,Правильно,
Ніколін,Николин,Правильно,
Король,Король,Правильно,
Влезько,Влезько,Правильно,
Римар,Рымарь,Правильно,
Січевлюк-Врублевський,Сичевлюк-Врублевский,Правильно,
Барбул,Барбул,Правильно,
Олендер,Олендер,Правильно,
Роговченко,Роговченко,Правильно,
Тищук,Тищук,Правильно,
Кирич,Кирич,Правильно,
Мороко,Мороко,Правильно,
Рашкован,Рашкован,Правильно,
Осуховський,Осуховский,Правильно,
Добродомов,Добродомов,Правильно,
Кочан,Кочан,Правильно,
Шипко,Шипко,Правильно,
Кепкал,Кепкал,Правильно,
Звєрєв,Зверев,Правильно,
Пашко,Пашко,Правильно,
Цугель,Цугель,Правильно,
Дорош,Дорош,Правильно,
Васильков,Васильков,Правильно,
Барильська,Барильськая,Исправлено,
Галущенко,Галущенко,Правильно,
Івакіна,Ивакина,Правильно,
Станкевич,Станкевич,Правильно,
Широкоряд,Широкоряд,Правильно,
Батраков,Батраков,Правильно,
Грабець,Грабец,Правильно,
Щебетун,Щебетун,Правильно,
Черства,Черствая,Правильно,
Подліянова,Подлиянова,Исправлено,
Стахова,Стахова,Правильно,
Здрилюк,Здрилюк,Правильно,
Хаптуренко,Хаптуренко,Правильно,
Бірюк,Бирюк,Правильно,
Храпова,Храпова,Исправлено,
Бондарчук,Бондарчук,Правильно,
Нежура,Нежура,Правильно,
Веденяпін,Веденяпин,Исправлено,
Сикало,Сикало,Правильно,
Барна,Барна,Исправлено,
Алейніков,Алейников,Правильно,
Літвінов,Литвинов,Правильно,
Колєсніков,Колесников,Правильно,
Романішин Володимир,Романишин Владимир,Исправлено в админке,
Політикін,Политикин,Исправлено,
Ахундова,Ахундова,Правильно,
Осоцький,Осоцкий,Исправлено,
Хорошевський,Хорошевський,Исправлено в оригинальной таблице и админке,
Баглик Сергій,Баглик Сергей,Исправлено в оригинальной таблице и админке,
Семенченко,Семенченко,Правильно,
Богач,Богач,Правильно,
Степаніщев,Степанищев,Исправлено,
Невідома,Невидома,Исправлено,
Чернов,Чернов,Правильно,
Панаіотіді,Панаиотиди,Исправлено,
Кутурланова,Кутурланова,Правильно,
Фартушний,Фартушный,Правильно,
Шунько,Шунько,Правильно,
Янко,Янко,Правильно,
Піщиков,Пищиков,Правильно,
Худик,Худик,Правильно,
Полурез,Полурез,Правильно,
Прогнімак,Прогнимак,Правильно,
Данілін,Данилин,Правильно,
Шкуров,Шкуров,Правильно,
Корсак,Корсак,Правильно,
Ваврів,Ваврив,Правильно,
Туркіна,Туркина,Правильно,
Мамонтова,Мамонтова,Правильно,
Дасюк,Дасюк,Правильно,
Карпушин,Карпушин,Правильно,
Куцин,Куцин,Правильно,?
Гармаш,Гармаш,Исправлено,
Пояркова,Пояркова,Правильно,
Куций,Куцый,Исправлено,
Куцик,Куцик,Правильно,
Соломченко,Соломченко,Правильно,
Сержанюк,Сержанюк,Правильно,
Подлужний,Подлужний,Правильно,
Нехоца,Нехоца,Правильно,
Руднік,Рудник,Правильно,
Рудяк,Рудяк,Правильно,
Тітієвська,Титиевская,Исправлено,
Моцик,Моцик,Правильно,?
Бут,Бут,Правильно,
Попадинець,Попадинец,Правильно,
Пашенко,Пашенко,Правильно,
Циган,Цыган,Правильно,
Борсук,Барсук,Правильно,
Біденко,Биденко,Правильно,
Матолич,Матолич,Правильно,
Дуда,Дуда,Правильно,
Костицький,Костицкий,Правильно,
Тіла,Тила,Исправлено,
Гречіхін,Гречихин,Правильно,
Запорожець,Запорожец,Правильно,
Копанчук,Копанчук,Правильно,
Бездрабко,Бездрабко,Правильно,
Львов,Львов,Правильно,
Мицик,Мыцик,Исправлено,?
Мельнікова,Мельникова,Правильно,
Задніпровський,Заднепровский,Правильно,
Стасів,Стасив,Правильно,
Кір’як,Кирьяк,Исправлено,
Брензович,Брензович,Правильно,
Осіпов Юрій,Осипов Юрий,Исправлено в админке,
Кібець,Кибец,Исправлено,
Ключкович,Ключкович,Правильно,
Бакаленко,Бакаленко,Правильно,
Савіцький,Савицкий,Правильно,
Гонтар,Гонтарь,Правильно,
Сусков,Сусков,Правильно,
Буцан,Буцан,Правильно,
Гуляк,Гуляк,Правильно,
Кукурудза,Кукуруза,Правильно,
Короїд,Короед,Правильно,
Валентиров,Валентиров,Правильно,
Хлань,Хлань,Правильно,
Шмигельський,Шмигельский,Правильно,
Кацер-Бучковська,Кацер-Бучковская,Правильно,
Козлов,Козлов,Правильно,
Стефурак,Стефурак,Правильно,
Харіна,Харина,Правильно,
Михалець,Михалец,Правильно,
Ганечко,Ганечко,Правильно,
Уруський,Уруский,Правильно,
Бурбак,Бурбак,Исправлено,
Багрій,Багрий,Правильно,
Микольська,Микольская,Правильно,
Карабань,Карабань,Правильно,
Кришин,Крышин,Исправлено,
Пушняков,Пушняков,Правильно,
Черненкова,Черненкова,Правильно,
Гриньо,Гриньо,Правильно,?
Коршун,Коршун,Правильно,
Веселова,Веселова,Правильно,
Николенко,Николенко,Правильно,
Міхеєва,Михеева,Правильно,
Опілат,Опилат,Правильно,
Антонік,Антоник,Правильно,
Коцупій,Коцупий,Исправлено,
Дівель,Дивель,Исправлено,
Сащенко,Сащенко,Правильно,
Лемішко,Лемишко,Правильно,
Савко,Савко,Правильно,
Патлачук,Патлачук,Правильно,
Козак,Козак,Исправлено,
Єщенко,Ещенко,Правильно,
Ланченко,Ланченко,Правильно,
Сєчкін,Сечкин,Исправлено,
Колокольнікова,Колокольникова,Исправлено,
Корчинська,Корчинская,Правильно,
Кіраль,Кираль,Правильно,
Федосов,Федосов,Правильно,
Загородня,Загородняя,Правильно,
Ларазарчук,Ларазарчук,Правильно,
Пімахова,Пимахова,Правильно,
Вербич,Вербич,Правильно,
Балясніков,Балясников,Исправлено,
Верховець,Верховец,Правильно,
Гудим,Гудым,Правильно,
Рєзнікова,Резникова,Правильно,
Щербатюк,Щербатюк,Правильно,
Лесюк,Лесюк,Правильно,
Скрипченко Вадим,Скрипченко Вадим,Исправлено в оригинальной таблице и в админке,
Бачигін,Бачыгин,Исправлено,
Гевко,Гевко,Правильно,
Вільгушинськии,Вильгушинский,Исправлено в оригинальной таблице и в админке,
Власюк,Власюк,Правильно,
Дідінов,Дидинов,Исправлено,
Гром,Гром,Правильно,
Горб,Горб,Правильно,
Борденюк,Борденюк,Правильно,
Полтавець,Полтавец,Правильно,
Фомичов,Фомичев,Правильно,
Говорун,Говорун,Исправлено,
Севостьянова,Севостьянова,Правильно,
Семьоркіна,Семеркина,Правильно,
Загорій,Загорий,Правильно,
Улицький,Улицкий,Правильно,
Усенко-Чорна,Усенко-Черная,Правильно,
Пастернак,Пастернак,Правильно,
Бугрик,Бугрик,Правильно,
Гдичинський,Гдычинский,Правильно,
Білоконь,Белоконь,Правильно,
Головань,Головань,Правильно,
Базовкіна,Базовкина,Исправлено,
Тімошков,Тимошков,Исправлено,
Євлахов,Евлахов,Правильно,
Істоміна,Истомина,Правильно,
Волохов,Волохов,Правильно,
Кайнов,Кайнов,Правильно,
Гижко,Гижко,Правильно,
Герега,Герега,Правильно,
Хоменко Ольга Миколаївна,Хоменко Ольга Николаевна,Исправлено в оригинальной таблице и в админке,
Безгінова,Безгинова,Исправлено,
Крутовських,Крутовских,Исправлено,
Підлісний,Подлесный,Исправлено,
Мережко,Мережко,Правильно,
Кривов'яз,Кривовяз,Правильно,
Рябчун,Рябчун,Правильно,
Грох,Грох,Правильно,
Ємельяненко,Емельяненко,Правильно,
Спориш,Спорыш,Исправлено,
Дещиця,Дещица,Правильно,
Шулєпа,Шулепа,Правильно,
Радько,Радько,Правильно,
Гірський,Горный,Правильно,?
Сотула,Сотула,Правильно,
Юринець,Юринец,Правильно,
Савчин,Савчин,Правильно,
Садовий,Садовый,Правильно,
Соловей,Соловей,Правильно,
Осташко,Осташко,Правильно,
Прігодін,Пригодин,Исправлено,
Васищак,Васищак,Правильно,
Драюк,Драюк,Правильно,
Шеремета,Шеремета,Правильно,
Зубець,Зубец,Правильно,
Аліфанов,Алифанов,Правильно,
Заполовський,Заполовский,Правильно,
Овденко,Овденко,Правильно,
Чорнобук,Чернобук,Правильно,
Урбанський,Урбанский,Правильно,
Аніканов,Аниканов,Исправлено,
Рябчин,Рябчин,Правильно,
Бондар,Бондарь,Правильно,
Ясенова,Ясенова,Исправлено,
Волковицька,Волковицкая,Правильно,
Артем’єв,Артемьев,Правильно,
Лесько,Лесько,Правильно,
Локтіонова,Локтионова,Правильно,
Грач,Грач,Правильно,
Сотніков,Сотников,Правильно,
Мовчан,Мовчан,Правильно,
Мураховський,Мураховский,Правильно,
Паньків,Панькив,Правильно,
Шевляк,Шевляк,Правильно,
Паракуда,Паракуда,Правильно,
Звягінцева,Звягинцева,Правильно,
Огороднік,Огородник,Правильно,
Гімон,Гимон,Исправлено,
Кемінь,Кеминь,Правильно,
Зубко,Зубко,Правильно,
Сех,Сех,Правильно,
Панасенков,Панасенков,Правильно,
Селіфонтьєв,Селифонтьев,Исправлено,
Квашук,Квашук,Правильно,
Полюхович,Полюхович,Правильно,
Ваннікова,Ванникова,Правильно,
Білуга,Белуга,Правильно,
Попіль,Попиль,Правильно,
Піскунов,Пискунов,Правильно,
Кучіна,Кучина,Правильно,
Мурований,Мурованый,Исправлено,
Шведенко,Шведенко,Правильно,
Пузанова,Пузанова,Правильно,
Говенко,Говенко,Правильно,
Заришняк,Заришняк,Правильно,
Аронович,Аронович,Правильно,
Істратов,Истратов,Правильно,
Фурдило,Фурдило,Правильно,
Палій,Палий,Правильно,
Матюшко,Матюшко,Правильно,
Фазикош,Фазикош,Правильно,
Латій,Латий,Правильно,
Соляр,Соляр,Правильно,
Стрижко,Стрижко,Правильно,
Співаковський,Спиваковский,Правильно,
Макар’ян,Макарьян,Правильно,
Межевич,Межевич,Правильно,
Губа,Губа,Правильно,
Парапан,Парапан,Правильно,
Кулікова,Куликова,Правильно,
Барах,Барах,Правильно,
Сауляк,Сауляк,Правильно,
Бараш,Бараш,Правильно,
Левус,Левус,Правильно,
Бондаревська,Бондаревская,Правильно,
Рось,Рось,Правильно,
Кияшко,Кияшко,Правильно,
Салагор,Салагор,Правильно,
Грушицький,Грушицкий,Исправлено,
Тостоган,Тостоган,Правильно,
Дзярук,Дзярук,Правильно,
Лозовський,Лозовский,Правильно,
Білик,Билык,Правильно,
Кутова,Кутовая,Исправлено,
Гладкіх,Гладких,Правильно,
Шаптала,Шаптала,Правильно,
Ільюк,Ильюк,Правильно,
Кудлаєнко,Кудлаенко,Правильно,
Балтажи,Балтажи,Исправлено,
Осіпук,Осипук,Исправлено,
Умнова,Умнова,Правильно,
Макарик,Макарик,Правильно,
Дробинська,Дробинская,Исправлено,
Огринський,Огринский,Исправлено,
Батечко,Батечко,Исправлено,
Ковальська,Ковальская,Исправлено,
Корсунський,Корсунский,Правильно,
Спринчук,Спринчук,Правильно,
Орєшкіна,Орешкина,Правильно,
Мамченко,Мамченко,Правильно,
Пілігрім,Пилигрим,Правильно,
Гримич,Гримич,Правильно,
Мартишок,Мартишок,Правильно,
Гур’єва,Гурьева,Правильно,
Дігтярь,Дегтярь,Правильно,
Кударенко,Кударенко,Правильно,
Буленко,Буленко,Правильно,
Батіг,Батиг,Исправлено,
Кухтей,Кухтей,Правильно,
Дроботов,Дроботов,Правильно,
Яремко,Яремко,Правильно,
Клочко,Клочко,Правильно,
Шальєва,Шальева,Исправлено,
Двірна,Двирна,Исправлено,
Удовіченко,Удовиченко,Правильно,
Рибка,Рыбка,Правильно,
Рибчик,Рыбчик,Исправлено,
Медуниця,Медуница,Правильно,
Мураєв,Мураев,Правильно,
Процик,Процик,Правильно,
Кулішова,Кулишова,Правильно,
Слива,Слива,Правильно,
Яковлєв Олександр,Яковлев Александр,Исправлено в админке,
Протас,Протас,Правильно,
Панталієнко,Панталиенко,Правильно,
Гузир,Гузырь,Правильно,
Артюхов,Артюхов,Правильно,
Даневич,Даневич,Правильно,
Каракуша,Каракуша,Правильно,
Байчан,Байчан,Правильно,
Башлак,Башлак,Правильно,
Іоффе,Иоффе,Правильно,
Лапін,Лапин,Правильно,
Чепіжак,Чепижак,Исправлено,
Осадчий,Осадчий,Правильно,
Мацола,Мацола,Правильно,
Тамакулова,Тамакулова,Правильно,
Курносов,Курносов,Правильно,
Уханенко,Уханенко,Правильно,
Синишин,Синишин,Правильно,
Бендо,Бендо,Правильно,
Занін,Занин,Правильно,
Устименко,Устименко,Правильно,
Больбіт,Больбит,Исправлено,
Кучер,Кучер,Правильно,
Суханова,Суханова,Правильно,
Ямкова,Ямковая,Правильно,
Животов,Животов,Правильно,
Павліченко,Павличенко,Правильно,
Нікітіна,Никитина,Правильно,
Юренко,Юренко,Правильно,
Опанащенко,Опанащенко,Правильно,
Шкіря,Шкиря,Правильно,
Качечка,Качечка,Исправлено,
Петняк,Петняк,Правильно,
Солод,Солод,Правильно,
Костінський,Костинский,Исправлено,
Потапенко,Потапенко,Правильно,
Блистів,Блыстив,Правильно,
Дерев'янчук,Деревянчук,Правильно,
Степашко,Степашко,Правильно,
Дейнека,Дейнека,Правильно,
Пасічник,Пасечник,Правильно,
Чорнобривець,Чернобривец,Исправлено,
Креховецький,Креховецкий,Правильно,
Слободяник,Слободяник,Правильно,
Зимовіна,Зимовина,Исправлено,
Журжій,Журжий,Правильно,
Прасолов,Прасолов,Правильно,
Калашник,Калашник,Правильно,
Недзельська,Недзельская,Правильно,
Чигвінцева,Чигвинцева,Исправлено,
Небесний,Небесный,Правильно,
Забуранна,Забуранная,Исправлено,
Лісневська,Лисневская,Правильно,
Юзюк,Юзюк,Правильно,
Боковець,Боковец,Правильно,
Власкін,Власкин,Исправлено,
Фесік,Фесик,Исправлено,
Дюдін,Дюдин,Исправлено,
Мірошник,Мирошник,Исправлено,
Буренкова,Буренкова,Правильно,
Шевчук,Шевчук,Правильно,
Верланов,Верланов,Правильно,
Березкін,Березкин,Правильно,
Красновський,Красновский,Правильно,
Холоднюк,Холоднюк,Правильно,
Вадатурський,Вадатурский,Правильно,
Драний,Драный,Правильно,
Бамбізов,Бамбизов,Исправлено,
Дринь,Дрынь,Исправлено,
Малій,Малий,Исправлено,
Бучко,Бучко,Правильно,
Рудніченко,Рудниченко,Правильно,
Грицайчук,Грицайчук,Правильно,
Смик,Смык,Правильно,
Жигилій,Жигилий,Правильно,
Уманський,Уманский,Правильно,
Чепурнов,Чепурнов,Правильно,
Денишенко,Денишенко,Правильно,
Онуфрієв,Онуфриев,Правильно,
Заінчковський,Заинчковский,Исправлено,
Дехтярчук,Дехтярчук,Правильно,
Москаль,Москаль,Правильно,
Мастюк,Мастюк,Правильно,
Затолочний,Затолочный,Правильно,
Крисак,Крысак,Правильно,
П'ятигорець,Пятигорец,Правильно,
Імберова,Імберова,Правильно,
Верхогляд,Верхогляд,Правильно,
Настасенко,Настасенко,Правильно,
Гецадзе,Гецадзе,Правильно,
Люклянчук,Люклянчук,Правильно,
Глиняний,Глиняный,Правильно,
Огнійчук,Огнийчук,Исправлено,
Колобков,Колобков,Правильно,
Заспа,Заспа,Правильно,
Гіршфельд,Гиршфельд,Правильно,
Бабикін,Бабыкин,Исправлено,
Затинайко,Затынайко,Правильно,
Черкащенко,Черкащенко,Правильно,
Лазакович,Лазакович,Правильно,
Прудкий Роман Іванович,Прыткий Роман Иванович,Исправлено в оригинальной таблице и в админке,
Мікула,Микула,Правильно,
Кокоша,Кокоша,Правильно,
Сілаков,Силаков,Правильно,
Нос,Нос,Правильно,
Гришин,Гришин,Правильно,
Васильцов,Васильцов,Правильно,
Сачук,Сачук,Правильно,
Потапчук В`ячеслав,Потапчук Вячеслав,Исправлено в админке,
Грідіна,Гридина,Правильно,
Бабічук,Бабичук,Правильно,
Заміралов,Замиралов,Исправлено,
Варвус,Варвус,Правильно,
Войтовський,Войтовский,Правильно,
Палиця,Палица,Исправлено,
Фрич,Фрич,Правильно,
Сарновський,Сарновский,Исправлено,
Святаш,Святаш,Правильно,
Запорожан Дмитро,Запорожан Дмитрий,Исправлено в админке,
Забара,Забара,Исправлено,
Снігерьова,Снигирева,Исправлено,
Рудомьотова,Рудометова,Исправлено,
Косцова Ірина,Косцова Ирина,Исправлено в админке,
Піддубняк,Поддубняк,Исправлено,
Кривопішин,Кривопишин,Правильно,
Склярська,Склярская,Исправлено,
Забродін,Забродин,Исправлено,
Риб’янець,Рибянец,Исправлено,
Хобзей,Хобзей,Правильно,
Купельський,Купельський,Правильно,
Буковинський,Буковинский,Правильно,
Буланович,Буланович,Правильно,
Барінов,Баринов,Правильно,
Крижановський,Крыжановский,Исправлено в оригинальной таблице и в админке,
Подубинський,Подубинский,Правильно,
Базюк,Базюк,Правильно,
Турянський,Турянский,Правильно,
Юрдига,Юрдыга,Правильно,
Насіковський,Насиковский,Правильно,
Різаненко,Ризаненко,Правильно,
Федчук,Федчук,Правильно,
Ус,Ус,Правильно,
Жолудько,Жолудько,Правильно,
Таргоній,Таргоний,Правильно,
Сабадош,Сабадош,Правильно,
Тетерук,Тетерук,Исправлено,
Константинов,Константинов,Исправлено,
Хомік,Хомик,Правильно,
Рябкін,Рябкин,Правильно,
Дворник,Дворник,Правильно,
Буцяк,Буцяк,Правильно,
Толчин,Толчин,Правильно,
Кізюн,Кизюн,Правильно,
Смук,Смук,Правильно,
Зацаринський,Зацаринский,Исправлено,
Ведіньова,Вединева,Исправлено,
В’ялов,Вялов,Правильно,
Маньківська,Маньковская,Правильно,
Унгурян,Унгурян,Правильно,
Шавлаков,Шавлаков,Правильно,
Літошко,Литошко,Правильно,
Плотніцький,Плотницкий,Правильно,
Подорожний,Подорожный,Правильно,
Четвертак,Четвертак,Правильно,
Закропивний,Закропивный,Правильно,
Маціщук,Мацищук,Исправлено,
Цуркан,Цуркан,Правильно,
Кісельов,Киселев,Правильно,
Ленів,Ленив,Исправлено,
Долженков,Долженков,Правильно,
Собина,Собина,Правильно,
Брюханов,Брюханов,Правильно,
Чмерук,Чмерук,Правильно,
Кочук,Кочук,Правильно,
Штелик,Штелик,Правильно,
Маргаза,Маргаза,Правильно,
Лозицький,Лозицкий,Правильно,
Мазурик,Мазурик,Правильно,
Лопушанський,Лопушанский,Правильно,
Андріянов,Андриянов,Исправлено,
Загрева,Загрева,Правильно,
Гріпас,Грипас,Исправлено,
Тарівєрдієв,Таривердиев,Правильно,
Зубик,Зубик,Исправлено,
Ходаківська,Ходаковская,Правильно,
Бреус,Бреус,Правильно,
Лаба,Лаба,Правильно,
Маринченко,Маринченко,Правильно,
Жечева,Жечева,Правильно,
Цуканова,Цуканова,Правильно,
Фарило,Фарило,Правильно,
Котік,Котик,Правильно,
Перегінець,Перегинец,Правильно,
Шкіряк,Шкиряк,Правильно,
Шнипко,Шнипко,Правильно,
Писарук,Писарук,Правильно,
Гемма,Гемма,Правильно,
Копач,Копач,Правильно,
Гоцький,Гоцкий,Правильно,
Шверк,Шверк,Правильно,
Дзюблик,Дзюблик,Правильно,
Євсєєв,Евсеев,Правильно,
Прокопець,Прокопец,Правильно,
Чекіта,Чекита,Правильно,
Стельмах,Стельмах,Правильно,
Стас Любов,Стас Любовь,Исправлено,
Вареник,Вареник,Правильно,
Гончаренко,Гончаренко,Правильно,
Іксанов,Иксанов,Правильно,
Котлінський,Котлинский,Исправлено,
Картак,Картак,Правильно,
Величкович,Величкович,Правильно,
Кошелєв,Кошелев,Правильно,
Спас,Спас,Правильно,
Фрицька,Фрицкая,Исправлено,
Пушай,Пушай,Правильно,
Антонюк Катерина,Антонюк Екатерина,Исправлено в оригинальной таблице и в админке,
Пашинський,Пашинский,Правильно,
Шубін,Шубин,Правильно,
Ковтонюк,Ковтонюк,Правильно,
Навозенко,Навозенко,Правильно,
Берднік,Бердник,Правильно,
Хвостик,Хвостик,Правильно,
Рожин,Рожин,Правильно,
Кравченко Костянтин,Кравченко Константин,Исправлено в оригинальной таблице и в админке,
Слюсар,Слюсар,Исправлено,
Гашев,Гашев,Правильно,
Фоміна,Фомина,Правильно,
Заліско,Залиско,Правильно,
Желтобрюх,Желтобрюх,Правильно,
Кіріченко,Кириченко,Правильно,
Хохуляк,Хохуляк,Правильно,
Кайло,Кайло,Правильно,
Кривошеєв,Кривошеев,Правильно,
Алєксєєва,Алексеева,Правильно,
Шенцев,Шенцев,Правильно,
Бившева,Бывшева,Исправлено,
Драгомерецький,Драгомерецкий,Исправлено,
Миронцов,Миронцов,Исправлено,
Новак,Новак,Правильно,
Сухарьок,Сухарек,Исправлено,
Фічова,Фичова,Исправлено,
Подушко,Подушко,Правильно,
Непомняща,Непомнящая,Исправлено,
Бугайов,Бугаев,Правильно,
Шпенов,Шпенов,Правильно,
Кафідова,Кафидова,Правильно,
Балабан,Балабан,Исправлено,
Якімець,Якимец,Исправлено,
Волошина,Волошина,Правильно,
Виконуючий Обов’язки Зенін,Исполняющий Обязанности Зенін,Исправлено в оригинальной таблице и в админке,
Орловська,Орловская,Правильно,
Панащенко,Панащенко,Правильно,
Лапчевська,Лапчевская,Исправлено,
Жук Сергій,Жук Сергей,Исправлено в оригинальной таблице и в админке,
Домікан,Домикан,Исправлено,
Лігінов,Лигинов,Исправлено,
Фросіняк,Фросиняк,Исправлено,
Невідомий,Невидомый,Исправлено,
Макєєв,Макеев,Правильно,
Кобцев,Кобцев,Исправлено,
Прібилов,Прибылов,Исправлено,
Тімченко,Тимченко,Исправлено,
Корчевний,Корчевный,Правильно,
Свідерська,Свидерская,Правильно,
Луганська,Луганская,Исправлено,
Фурсін,Фурсин,Исправлено,
Ящук,Ящук,Правильно,
Перепічка,Перепичка,Правильно,
Гінда,Гинда,Правильно,
Циганок,Цыганок,Правильно,
Ральченко,Ральченко,Правильно,
Короткевич,Короткевич,Правильно,
Нарольський,Нарольский,Правильно,
Чурій,Чурий,Исправлено,
Волошко,Волошко,Правильно,
Юненко,Юненко,Правильно,
Білий,Белый,Правильно,
Овечкін,Овечкин,Правильно,
Ратніков,Ратников,Правильно,
Кужіль,Кужель,Исправлено,
Кузь,Кузь,Правильно,
Онофрійчук,Онофрийчук,Правильно,
Матузко,Матузко,Правильно,
Рибойчук,Рыбойчук,Правильно,
Брацюнь,Брацюнь,Правильно,
Матузка,Матузка,Правильно,
Білич,Билич,Правильно,
Коломієць,Коломиец,Правильно,
Кодола,Кодола,Правильно,
Милосердний,Милосердный,Исправлено в оригинальной таблице и в админке,
Сталінський,Сталинский,Правильно,
Волканов,Волканов,Правильно,
Бурдик,Бурдык,Правильно,
Миримський,Миримский,Правильно,
Ледовських,Ледовских,Правильно,
Скоропад,Скоропад,Правильно,
Зеленкевич,Зеленкевич,Правильно,
Михайлів,Мыхайлив,Правильно,
Чимбар,Чымбар,Правильно,
Шабельніков,Шабельников,Правильно,
Шелудько,Шелудько,Правильно,
Сисюк,Сысюк,Правильно,
Хаюк,Хаюк,Правильно,
Черевко,Черевко,Правильно,
Гоцуляк,Гоцуляк,Правильно,
Овсяннікова,Овсянникова,Правильно,
Баглай,Баглай,Правильно,
Грибан,Грибан,Правильно,
Моторний,Моторный,Правильно,
Теслюк,Теслюк,Правильно,
Ленський,Ленский,Правильно,
Луспеник,Луспенык,Правильно,
Мартюк,Мартюк,Правильно,
Канцурак,Канцурак,Правильно,
Мурлигіна,Мурлыгина,Исправлено,
Поліно,Полино,Исправлено,
Кицько,Кицько,Правильно,
Богданенко,Богданенко,Правильно,
Криворотенко,Криворотенко,Правильно,
Ремез,Ремез,Правильно,
Карандєєв,Карандеев,Правильно,
Сапун,Сапун,Правильно,
Домбров,Домбров,Правильно,
Юденко,Юденко,Правильно,
Пістун,Пистун,Правильно,
Парусніков,Парусников,Исправлено,
Заіченко,Заиченко,Правильно,
Папаіка,Папаика,Правильно,
Бережнюк,Бережнюк,Правильно,
Бінусов,Бинусов,Исправлено,
Бугаєнко,Бугаенко,Правильно,
Чаус,Чаус,Правильно,
Хрімлі,Хримли,Правильно,
Бляшенко,Бляшенко,Правильно,
Наставний,Наставный,Исправлено,
Толстанов,Толстанов,Правильно,
Дадиверін,Дадыверин,Исправлено,
Полуліх,Полулих,Правильно,
Капічон,Капичон,Исправлено,
Колєжук,Колежук,Исправлено,
Трейтяк,Трейтяк,Правильно,
Вейтас,Вейтас,Правильно,